Organism_name,Tax_ID,habitat=freeliving
Filifactor alocis,143361,0
Cycloclasticus sp. P1,385025,1
Azorhizobium caulinodans,7,0
Buchnera aphidicola,9,0
Burkholderia xenovorans,36873,0
Streptococcus gallolyticus,315405,0
[Cellvibrio] gilvus,11,1
Porphyromonas cansulci,36876,0
Dictyoglomus thermophilum,14,1
Streptococcus sp. F0442,999425,0
Streptococcus sp. F0441,999424,0
Sulfurospirillum deleyianum,65553,1
Desulfocapsa sulfexigens,65555,1
Pelobacter carbinolicus,19,1
Thermococcus sibiricus,172049,1
Shewanella putrefaciens,24,1
Acidovorax sp. NO-1,512030,0
Saccharomonospora azurea,40988,0
Mycoplasma suis,57372,0
Saccharomonospora cyanea,40989,0
Saccharomonospora glauca,40990,0
Anaerolinea thermophila,167964,1
uncultured Termite group 1 bacterium,167965,0
Acinetobacter sp. GG2,651305,0
Myxococcus fulvus,33,1
Myxococcus xanthus,34,1
Marinobacterium stanieri,49186,0
Marinobacter sp. ELB17,270374,0
Actinomyces turicensis,131111,0
Thioalkalivibrio sp. ALR17-21,1269813,0
Stigmatella aurantiaca,41,1
Pseudomonas psychrotolerans,237610,0
Cystobacter fuscus,43,1
Corynebacterium halotolerans,225326,0
Dyadobacter fermentans,94254,0
Chondromyces apiculatus,51,1
Methylocaldum szegediense,73780,0
Sorangium cellulosum,56,1
Bradyrhizobium sp. th.b2,172088,0
Cyanobium sp. PCC 7001,180281,1
SAR86 cluster bacterium SAR86E,1208365,0
Herpetosiphon aurantiacus,65,1
Escherichia albertii,208962,0
Clostridium carboxidivorans,217159,0
Synechococcus sp. CC9605,110662,1
Simonsiella muelleri,72,0
Blattabacterium sp. (Panesthia angustipennis spadica),340044,0
Treponema vincentii,69710,0
Cellulomonas sp. URHD0024,1302620,0
Segniliparus rugosus,286804,0
Thermoanaerobacter siderophilus,106578,0
Segniliparus rotundus,286802,0
alpha proteobacterium BAL199,331869,0
Pseudoflavonifractor capillosus,106588,0
Cupriavidus necator,106590,1
Enterococcus durans,53345,0
Enterococcus mundtii,53346,0
Flectobacillus major,103,0
Cyclobacterium marinum,104,0
Runella slithyformis,106,1
Spirosoma linguale,108,1
Thermococcus kodakarensis,311400,1
Intrasporangium calvum,53358,1
Chlorobaculum parvum,274539,1
Gemmata obscuriglobus,114,0
Halalkalicoccus jeotgali,413810,1
Planctomyces brasiliensis,119,1
Planctomyces limnophilus,120,1
Hamadaea tsunoensis,53368,0
Planctomyces maris,122,0
Thermodesulfovibrio thiophilus,340095,0
Blastopirellula marina,124,0
Pirellula staleyi,125,1
Psychroserpens burtonensis,49278,0
Isosphaera pallida,128,1
Moraxella caprae,90240,0
Methylobacterium sp. 4-46,426117,0
Thiomonas arsenitoxydans,426114,1
Microvirgula aerodenitrificans,57480,0
Francisella sp. TX077308,573569,0
Borrelia burgdorferi,139,0
Borrelia hermsii,140,0
Desulfotomaculum carboxydivorans,327817,1
Oceanibulbus indolifex,225422,0
Borrelia turicatae,142,0
Borrelia coriaceae,144,0
Pseudomonas sp. M47T1,1179778,0
Ilumatobacter coccineus,467094,0
Hyphomicrobium denitrificans,53399,1
Pseudomonas sp. HYS,1163398,0
Acinetobacter guillouiae,106649,0
Acinetobacter bereziniae,106648,0
Spirochaeta thermophila,154,1
Microbacterium gubbeenense,159896,0
Brevibacterium album,417948,0
Syntrophothermus lipocalidus,86170,1
Fangia hongkongensis,270495,0
Erythrobacter sp. NAP1,237727,0
Picrophilus torridus,82076,1
Treponema denticola,158,0
Brachyspira hyodysenteriae,159,0
Acinetobacter nosocomialis,106654,0
Treponema pallidum,160,0
Streptomyces zinciresistens,1073330,1
Treponema bryantii,163,0
Pseudomonas resinovorans,53412,0
Desulfovibrio putealis,270496,0
Treponema saccharophilum,165,0
Xanthomonas axonopodis,53413,0
Candidatus Caldiarchaeum subterraneum,311458,0
Candidatus Moranella endobia,1048758,0
Treponema succinifaciens,167,0
Rubrobacter xylanophilus,49319,1
Treponema lecithinolyticum,53418,0
Aster yellows witches'-broom phytoplasma,229545,0
Treponema socranskii,53419,0
Leptospira biflexa,172,0
Synechococcus sp. RS9916,221359,1
Leptospira interrogans,173,0
Leptospira borgpetersenii,174,0
Thermobrachium celere,53422,0
Yaniella halotolerans,225453,0
Thermodesulfobacterium hveragerdense,53424,0
Geobacillus sp. WCH70,471223,1
Alcanivorax pacificus,1306787,0
Synechococcus sp. RS9917,221360,1
Corynebacterium resistens,258224,0
Leptospirillum ferrooxidans,180,1
Leptonema illini,183,0
Pseudomonas pelagia,553151,0
Winogradskyella lutea,643262,0
Paenibacillus mucilaginosus,61624,1
Methanocaldococcus vulcanius,73913,1
Desulfitobacterium hafniense,49338,1
Propionibacterium sp. 5_U_42AFAA,450748,0
Treponema paraluiscuniculi,53435,0
Veillonella sp. 6_1_27,450749,0
Magnetospirillum magnetotacticum,188,1
Methanothermobacter tenebrarum,680118,0
Nocardiopsis alba,53437,1
Aquaspirillum serpens,190,0
Selenomonas sputigena,69823,0
Thermaerobacter marianensis,73919,1
Thermogladius cellulolyticus,1200300,1
Azospirillum brasilense,192,0
Leucothrix mucor,45248,0
Mycoplasma columbinum,114881,0
Azospirillum lipoferum,193,0
Adlercreutzia equolifaciens,446660,0
Campylobacter coli,195,0
Blautia hydrogenotrophica,53443,0
Acholeplasma brassicae,61635,0
Campylobacter fetus,196,0
Sedimentitalea nanhaiensis,999627,0
Campylobacter jejuni,197,0
Caldicellulosiruptor hydrothermalis,413888,1
Campylobacter concisus,199,0
Caldicellulosiruptor kronotskyensis,413889,1
Campylobacter curvus,200,0
Kosmotoga olearia,651457,1
Streptococcus tigurinus,1077464,0
Campylobacter lari,201,0
Campylobacter rectus,203,0
Campylobacter showae,204,0
Enterobacter asburiae,61645,0
Dermacoccus sp. Ellin185,188626,0
Helicobacter pylori,210,0
Candidatus Hodgkinia cicadicola,573658,0
Helicobacter acinonychis,212,0
Helicobacter cinaedi,213,0
Nakamurella multipartita,53461,1
Methanothermococcus okinawensis,155863,1
Candidatus Riesia pediculicola,401619,0
Helicobacter felis,214,0
Atopobium vaginae,82135,0
Helicobacter fennelliae,215,0
Helicobacter mustelae,217,0
Candidatus Sulfuricurvum sp. RIFRC-1,1249480,0
Kamptonema formosum,331992,1
Niabella soli,446683,0
Eudoraea adriatica,446681,0
Thermoanaerobacterium saccharolyticum,28896,1
Pseudoalteromonas haloplanktis,228,1
Salmonella enterica,28901,0
Nitratireductor indicus,721133,0
Mycoplasma bovis,28903,0
Dehalobacter sp. DCA,1147129,0
Brucella abortus,235,0
Geothermobacter ehrlichii,213224,1
Brucella ovis,236,0
Caminibacter mediatlanticus,291048,0
Elizabethkingia meningoseptica,238,0
Actinomyces neuii,33007,0
Propionibacterium avidum,33010,0
Propionibacterium granulosum,33011,0
Propionimicrobium lymphophilum,33012,0
Leisingera daeponensis,405746,0
Flavobacterium subsaxonicum,426226,0
Caulobacter vibrioides,155892,1
Glomeribacter sp. 1016415,1286373,0
Bacteroides clarus,626929,0
Terrimonas ferruginea,249,0
Chryseobacterium gleum,250,0
Bacteroides oleiciplenus,626931,0
Ensifer sp. BR816,1057002,0
Psychroflexus gondwanensis,251,0
Bacteroides fluxus,626930,0
Rhizobium sp. OR191,147710,0
Odoribacter laneus,626933,0
Chryseobacterium indologenes,253,0
Alistipes indistinctus,626932,0
Collinsella tanakaei,626935,0
Slackia piriformis,626934,0
Myroides odoratus,256,0
Sphingobacterium spiritivorum,258,0
Agrobacterium sp. 224MFTsu3.1,1167635,0
Thiomargarita namibiensis,90373,1
Anaerococcus hydrogenalis,33029,0
Brucella sp. 83/13,520449,0
Ornithinibacillus scapharcae,1147159,0
Francisella tularensis,263,0
Brucella sp. NVSL 07-0026,520448,0
Parvimonas micra,33033,0
Candidatus Phytoplasma solani,69896,0
Paracoccus denitrificans,266,1
Anaerococcus prevotii,33034,0
Anaerococcus vaginalis,33037,0
[Ruminococcus] gnavus,33038,0
Thermus aquaticus,271,0
[Ruminococcus] torques,33039,0
Thermus thermophilus,274,1
Sphingobium indicum,332055,1
Coprococcus eutactus,33043,0
Bartonella doshiae,33044,0
Meiothermus ruber,277,1
Bartonella grahamii,33045,0
Bartonella taylorii,33046,0
Bartonella vinsonii,33047,0
Xanthobacter autotrophicus,280,1
Opitutaceae bacterium TAV5,794903,0
Comamonas testosteroni,285,0
Streptococcus infantarius,102684,0
Sphingobium japonicum,332056,1
Pseudomonas aeruginosa,287,0
Pseudoalteromonas atlantica,288,1
Candidatus Kinetoplastibacterium crithidii,33056,0
Saccharophagus degradans,86304,1
Acidithiobacillus caldus,33059,1
Burkholderia cepacia,292,0
Brevundimonas diminuta,293,0
Pseudomonas fluorescens,294,0
Succinispira mobilis,78120,0
Mycobacterium avium complex,37162,0
Pseudomonas mendocina,300,1
Photorhabdus asymbiotica,291112,0
Pseudomonas viridiflava,33069,0
Pseudomonas putida,303,1
Gloeobacter violaceus,33072,1
Clostridium sp. Maddingley MBC34-26,1196322,0
Ralstonia solanacearum,305,0
Mycoplasma conjunctivae,45361,0
Acidobacterium capsulatum,33075,1
Mycoplasma alkalescens,45363,0
Thermus islandicus,540988,0
Pseudogulbenkiania ferrooxidans,549169,1
Parvimonas sp. oral taxon 393,713008,0
Pseudomonas stutzeri,316,0
Salinisphaera shabanensis,180542,0
Candidatus Aquiluna sp. IMCC13023,1081644,0
Pseudomonas syringae,317,0
Nocardia cyriacigeorgica,135487,0
Pedosphaera parvula,1032527,0
Acaryochloris marina,155978,1
Ralstonia pickettii,329,0
Rhodoferax ferrireducens,192843,1
Pseudomonas pseudoalcaligenes,330,0
Rhizobium mongolense,57676,0
Macrococcus caseolyticus,69966,0
Actinomyces sp. oral taxon 180,651609,0
Burkholderia glumae,337,0
Xanthomonas campestris,339,0
Pedobacter saltans,151895,1
Lactobacillus iners,147802,0
Amycolicicoccus subflavus,639313,1
Xanthomonas citri,346,0
Xanthomonas oryzae,347,0
Zoogloea ramigera,350,0
Azotobacter vinelandii,354,0
Agrobacterium tumefaciens,358,0
Halomicrobium mukohataei,57705,1
Bartonella melophagi,291176,0
Flavobacteria bacterium MS024-2A,487796,0
Agrobacterium vitis,373,0
Bradyrhizobium japonicum,375,0
Pseudomonas brassicacearum,930166,0
Sinorhizobium fredii,380,0
Photobacterium profundum,74109,1
Mariniflexile aquimaris,881009,0
Mesorhizobium loti,381,0
Sinorhizobium meliloti,382,0
Rhizobium leguminosarum,384,0
Thermovirga lienii,336261,1
Sulfobacillus acidophilus,53633,1
Acidimicrobium ferrooxidans,53635,1
Enterococcus asini,57732,0
Mariniradius saccharolyticus,1245591,0
Candidatus Solibacter usitatus,332163,1
Leucobacter chironomi,491918,0
Halococcus hamelinensis,332168,1
Idiomarina sp. A28L,1036674,0
Rhizobium tropici,398,0
Cyanothece sp. ATCC 51472,860575,1
Methylobacillus flagellatus,405,1
Methylobacterium extorquens,408,0
Idiomarina loihiensis,135577,1
Methylococcus capsulatus,414,1
Methylobacter luteus,415,0
Ochrobactrum intermedium,94625,0
Bradyrhizobium sp. URHA0002,1298867,0
Bordetella petrii,94624,0
Propionicicella superfundia,348582,0
Mycobacterium sp. URHD0025,1298864,0
Fulvimarina pelagi,217511,0
Methylomonas methanica,421,1
Acetobacter pomorum,65959,0
Opitutaceae bacterium TAV1,278956,0
Methylosinus trichosporium,426,0
Facklamia languida,82347,0
Winogradskyella poriferorum,307627,0
Scardovia inopinata,78259,0
Cupriavidus metallidurans,119219,1
Acetobacter aceti,435,0
Parascardovia denticolens,78258,0
Oscillatoriales cyanobacterium JSC-12,864702,1
Bradyrhizobium sp. WSM2254,1188263,0
Acetobacter pasteurianus,438,0
Acidobacteriaceae bacterium TAA166,278963,0
Congregibacter litoralis,393662,0
Burkholderia sp. URHA0054,1298859,0
Mesorhizobium sp. URHA0056,1298858,0
Gluconobacter oxydans,442,1
Solirubrobacter sp. URHD0082,1298857,0
Marmoricola sp. URHB0036,1298863,0
Caulobacter sp. URHA0033,1298862,0
Legionella pneumophila,446,0
Lysobacter sp. URHA0019,1298861,0
Microbacterium sp. URHA0036,1298860,0
Chlamydia ibidis,1405396,0
Legionella longbeachae,450,0
Marvinbryantia formatexigens,168384,0
Sphingobium sp. YL23,1335760,0
Exiguobacterium sp. AT1b,360911,1
Brenneria sp. EniD312,598467,0
Solimonas variicoloris,254408,0
Dasania marina,471499,0
Nocardia brasiliensis,37326,0
Fluoribacter dumoffii,463,0
Proteus penneri,102862,0
Nocardia farcinica,37329,0
Pseudophaeobacter arcticus,385492,0
Acinetobacter baumannii,470,0
Thiomicrospira arctica,131540,0
Spiribacter salinus,1335746,0
Acinetobacter calcoaceticus,471,0
Cyanothece sp. PCC 8801,41431,1
Spiribacter sp. UAH-SP71,1335757,0
Moraxella bovis,476,0
Truepera radiovictrix,332249,1
Paenibacillus sp. JDR-2,324057,1
Coprococcus comes,410072,0
Moraxella catarrhalis,480,0
Neisseria cinerea,483,0
Neisseria flavescens,484,0
Neisseria gonorrhoeae,485,0
Neisseria lactamica,486,0
Neisseria meningitidis,487,0
Neisseria mucosa,488,0
Neisseria sicca,490,0
Nanoarchaeum equitans,160232,1
Ignicoccus hospitalis,160233,1
Neisseria elongata,495,0
Frankia sp. EUN1f,102897,0
Sphingobium sp. SYK-6,627192,0
Kineococcus radiotolerans,131568,1
Comamonadaceae bacterium URHA0028,1298913,0
Thioalkalivibrio sp. ALE20,545275,0
Dokdonia sp. 4H-3-7-5,983548,1
Thermomicrobium roseum,500,1
Kingella denitrificans,502,0
Desulfatirhabdium butyrativorans,340467,0
Glaciecola sp. 4H-3-7+YE-5,983545,1
Tenacibaculum aiptasiae,426481,0
Lacinutrix sp. 5H-3-7-4,983544,1
Kingella oralis,505,0
Mycobacterium canettii,78331,0
Helicobacter bilis,37372,0
Alcaligenes faecalis,511,0
Amycolatopsis nigrescens,381445,0
Acinetobacter sp. NIPH 973,520709,0
Acinetobacter sp. NIPH 817,520708,0
Bordetella bronchiseptica,518,0
Bordetella parapertussis,519,0
Bifidobacterium gallicum,78342,0
Bordetella pertussis,520,0
Acinetobacter beijerinckii,262668,0
Bordetella avium,521,0
Acidiphilium cryptum,524,1
Ochrobactrum anthropi,529,0
Polaribacter irgensii,531,0
Beijerinckia indica,533,1
Laribacter hongkongensis,168471,0
Chromobacterium violaceum,536,0
Eikenella corrodens,539,0
Halomonas anticariensis,258591,0
Zymomonas mobilis,542,1
Citricoccus sp. CH26A,1045009,0
Chelativorans sp. BNC1,266779,1
Citrobacter koseri,545,0
Citrobacter freundii,546,0
Gordonia namibiensis,168480,0
Enterobacter aerogenes,548,0
Varibaculum cambriense,184870,0
Pantoea agglomerans,549,0
Wolbachia sp. wRi,66084,0
Candidatus Mycoplasma haemominutum,209446,0
Enterobacter cloacae,550,0
Erwinia amylovora,552,0
Pantoea ananatis,553,0
Deferribacter desulfuricans,197162,1
Pectobacterium carotovorum,554,0
Adhaeribacter aquaticus,299567,0
Dickeya chrysanthemi,556,0
Escherichia coli,562,0
Shimwellia blattae,563,0
Escherichia fergusonii,564,0
Escherichia hermannii,565,0
Bacillus endophyticus,135735,0
Hafnia alvei,569,0
Klebsiella oxytoca,571,0
Klebsiella pneumoniae,573,0
Streptococcus cristatus,45634,0
Morganella morganii,582,0
Thauera sp. 28,303682,0
Proteus mirabilis,584,0
Polaromonas vacuolata,37448,1
Brevundimonas subvibrioides,74313,1
Providencia rettgeri,587,0
Thiorhodovibrio sp. 970,631362,0
Providencia stuartii,588,0
Maricaulis maris,74318,1
Corallococcus coralloides,184914,1
Bradyrhizobium sp. ARR65,1040989,0
Mesorhizobium sp. WSM3224,1040986,0
Desulfovibrio magneticus,184917,1
Desulfohalobium retbaense,45663,1
Aeropyrum camini,229980,0
Vulcanisaeta distributa,164451,1
Granulicoccus phenolivorans,266854,0
Thermotoga thermarum,119394,0
Glaciecola mesophila,197222,1
Serratia liquefaciens,614,0
Serratia marcescens,615,0
Natronococcus occultus,29288,1
Desulfatiglans anilini,90728,0
Serratia odorifera,618,0
Methanococcoides burtonii,29291,1
Pyrococcus abyssi,29292,1
Pedobacter glucosidilyticus,1122941,0
Shigella boydii,621,0
Shigella dysenteriae,622,0
Pedobacter oryzae,1122943,0
Shigella flexneri,623,0
Marichromatium purpuratum,37487,0
Shigella sonnei,624,0
Xenorhabdus nematophila,628,0
Yersinia enterocolitica,630,0
Delftia sp. Cs1-4,742013,1
Streptomyces cattleya,29303,1
Burkholderia thailandensis,57975,0
Yersinia pestis,632,0
Yersinia pseudotuberculosis,633,0
SAR116 cluster alpha proteobacterium HIMB100,909943,0
Edwardsiella tarda,636,0
Phaeobacter inhibens,221822,1
Exiguobacterium sibiricum,332410,1
Corynebacterium casei,160386,0
Photobacterium leiognathi,553611,0
Aeromonas hydrophila,644,0
Leptospira licerasiae,447106,0
Aeromonas salmonicida,645,0
Bacillus weihenstephanensis,86662,1
Bacillus halodurans,86665,1
Streptococcus pseudoporcinus,361101,0
Turicella otitidis,29321,0
[Eubacterium] cellulosolvens,29322,0
Thiomicrospira halophila,373391,0
Moorea producens,1155739,1
Aeromonas media,651,0
Thermoanaerobacter brockii,29323,1
Corynebacterium pyruviciproducens,598660,0
Aeromonas veronii,654,0
Escherichia sp. TW09308,754331,0
Thermoanaerobacterium xylanolyticum,29329,0
Mesotoga prima,1184387,1
Frankia symbiont of Datisca glomerata,656024,0
Photobacterium phosphoreum,659,0
Photobacterium angustum,661,0
Escherichia sp. TW11588,754333,0
Vibrio alginolyticus,663,1
Vibrio cholerae,666,1
Aliivibrio fischeri,668,1
Vibrio harveyi,669,1
Vibrio parahaemolyticus,670,1
Vibrio proteolyticus,671,0
Vibrio vulnificus,672,1
Blattabacterium punctulatus,164514,0
Leadbetterella byssophila,316068,1
Grimontia hollisae,673,0
Raphidiopsis brookii,668331,0
Vibrio mimicus,674,1
[Clostridium] scindens,29347,0
Staphylococcus equorum,246432,0
Vibrio fluvialis,676,0
[Clostridium] spiroforme,29348,0
Spirochaeta cellobiosiphila,504483,0
Pelagibaca bermudensis,344736,0
alpha proteobacterium HIMB114,684719,0
Vibrio campbellii,680,1
Lachnoclostridium phytofermentans,66219,1
Diplorickettsia massiliensis,676517,0
Polymorphum gilvum,991904,1
Bordetella sp. FB-8,1159870,0
Cellulosilyticum lentocellum,29360,1
[Clostridium] papyrosolvens,29362,0
Actinomyces europaeus,66228,0
Gluconobacter morbifer,479935,0
Balneola alkaliphila,455359,0
Octadecabacter arcticus,53946,0
Collinsella aerofaciens,74426,0
Acidiphilium multivorum,62140,0
Syntrophobacter fumaroxidans,119484,1
Pyrobaculum oguniense,99007,1
Plesiomonas shigelloides,703,0
Cupriavidus taiwanensis,164546,0
Pyrococcus horikoshii,53953,1
Staphylococcus arlettae,29378,0
Streptomyces sp. 142MFCol3.1,1172179,1
Staphylococcus caprae,29380,0
Enterococcus pallens,160454,0
Chloroflexus aggregans,152260,1
Thalassobaculum salexigens,455360,0
Enterococcus gilvus,160453,0
Commensalibacter intestini,479936,0
Cupriavidus pauculus,82633,0
Nocardia sp. 348MFTsu5.1,1172185,0
Staphylococcus saprophyticus,29385,0
Vibrio shilonii,62153,1
Rhodococcus sp. 114MFTsu3.1,1172184,0
Aggregatibacter actinomycetemcomitans,714,0
Rhodobacteraceae bacterium KLH11,467661,0
Actinobacillus pleuropneumoniae,715,0
Mycobacterium sp. 360MFTsu5.1,1172186,0
Actinobacillus suis,716,0
Staphylococcus capitis,29388,0
Terracoccus sp. 273MFTsu3.1,1172188,0
Gemella morbillorum,29391,0
Sulfurimonas sp. AST-10,1172190,0
Haemophilus haemolyticus,726,0
Haemophilus influenzae,727,0
Avibacterium paragallinarum,728,0
Haemophilus parainfluenzae,729,0
Haemophilus ducreyi,730,0
Methylophaga aminisulfidivorans,230105,0
Gordonia malaquae,410332,0
Histophilus somni,731,0
Aggregatibacter aphrophilus,732,0
Pantoea stewartii,66269,0
Calyptogena okutanii thioautotrophic gill symbiont,410330,0
Microlunatus phosphovorus,29405,1
Methylomicrobium alcaliphilum,271065,1
Pseudanabaena sp. PCC 7367,82654,0
Bacillus safensis,561879,0
Haemophilus parasuis,738,0
Arthrobacter sp. Rue61a,1118963,1
Aggregatibacter segnis,739,0
Pasteurella multocida,747,0
Microcoleus vaginatus,119532,1
Gallibacterium anatis,750,0
Hellea balneolensis,287478,0
Ponticaulis koreensis,1123045,0
Salinispora tropica,168695,1
Alishewanella jeotgali,545533,0
Acinetobacter haemolyticus,29430,0
Psychrilyobacter atlanticus,271091,0
Anaeromyxobacter sp. K,447217,1
Melitea salexigens,287484,0
Pseudonocardia asaccharolytica,54010,0
Asticcacaulis excentricus,78587,1
Salinispora arenicola,168697,1
Haliea salexigens,287487,0
Scardovia wiggsiae,230143,0
Nakamurella lactea,459515,0
Shewanella sediminis,271097,1
Pseudomonas savastanoi,29438,0
Shewanella halifaxensis,271098,1
Anaplasma centrale,769,0
Geobacter sp. M18,443143,1
Anaplasma marginale,770,0
Vibrio sp. HENC-03,992012,1
Thermus scotoductus,37636,1
Glycomyces tenuis,58116,0
Corynebacterium pseudodiphtheriticum,37637,0
Vibrio sp. HENC-01,992010,1
Bartonella bacilliformis,774,0
Xanthomonas albilineans,29447,0
Bradyrhizobium elkanii,29448,0
Coxiella burnetii,777,0
Rhizobium etli,29449,0
Thermobacillus composti,377615,1
Ehrlichia ruminantium,779,0
Rickettsia conorii,781,0
Rickettsia prowazekii,782,0
Geobacter sp. M21,443144,1
Rickettsia rickettsii,783,0
Orientia tsutsugamushi,784,0
Rickettsia typhi,785,0
Rickettsia akari,786,0
Rickettsia australis,787,0
Brucella melitensis,29459,0
Listeria fleischmannii,1069827,0
Rickettsia canadensis,788,0
Brucella neotomae,29460,0
Candidatus Desulforudis audaxviator,471827,1
Brucella suis,29461,0
Desulfotomaculum kuznetsovii,58135,1
Veillonella parvula,29466,0
Desulfotomaculum acetoxidans,58138,1
Chryseobacterium caeni,365343,0
Butyrivibrio crossotus,45851,0
Pectobacterium atrosepticum,29471,0
Pelosinus fermentans,365349,0
Bartonella quintana,803,0
Caldicellulosiruptor obsidiansis,717609,1
Methylophaga frappieri,754477,1
Bartonella elizabethae,807,0
Methylophaga nitratireducenticrescens,754476,1
Rudanella lutea,451374,0
Lactobacillus camelliae,381742,0
Chlamydia trachomatis,813,0
alpha proteobacterium Mf 1.05b.01,1282876,0
Photorhabdus luminescens,29488,0
Bacteroides fragilis,817,0
Algoriphagus terrigena,344884,0
Bacteroides thetaiotaomicron,818,0
Bacteroides uniformis,820,0
Flavobacterium soli,344881,0
Bacteroides vulgatus,821,0
Achromobacter arsenitoxydans,1147684,0
Vibrio furnissii,29494,1
Parabacteroides distasonis,823,0
Flavobacterium antarcticum,271155,0
Campylobacter gracilis,824,0
Bacteroides salyersiae,291644,0
Vibrio splendidus,29497,1
Bacteroides nordii,291645,0
Sebaldella termitidis,826,0
Campylobacter ureolyticus,827,0
Gramella echinicola,279359,0
Candidatus Phytoplasma mali,37692,0
Mycoplasma haemofelis,29501,0
Arthrobacter gangotriensis,254787,0
Desulfosporosinus acidiphilus,885581,1
Fibrobacter succinogenes,833,0
Leptospira inadai,29506,0
Leptospira kirschneri,29507,0
Pyrococcus yayanosii,1008460,1
Leptospira meyeri,29508,0
Desulfovibrio alaskensis,58180,1
Halorhabdus tiamatea,430914,1
Porphyromonas gingivalis,837,0
Turneriella parva,29510,0
Vibrio albensis,140100,1
Nonlabens dokdonensis,328515,1
Prevotella ruminicola,839,0
Prevotella loescheii,840,0
Wolinella succinogenes,844,0
Sphingopyxis baekryungensis,279369,0
Borrelia afzelii,29518,0
Oxalobacter formigenes,847,0
Borrelia garinii,29519,0
Borrelia crocidurae,29520,0
Fusobacterium mortiferum,850,0
Fusobacterium nucleatum,851,0
Staphylococcus sp. HGB0015,1078083,0
Faecalibacterium prausnitzii,853,0
Paenisporosarcina sp. HGH0030,1078085,0
Aeromonas sp. MDS8,1282886,0
Streptomyces sp. HGB0020,1078086,1
Fusobacterium varium,856,0
Caldisericum exile,693075,1
Bacteroides sp. HPS0048,1078089,0
Fusobacterium necrophorum,859,0
Coprococcus sp. HPP0048,1078091,0
Fusobacterium periodonticum,860,0
Fusobacterium ulcerans,861,0
Syntrophomonas wolfei,863,1
Agrobacterium sp. ATCC 31749,82789,0
Sphingobium baderi,1332080,0
Dichelobacter nodosus,870,0
Enterococcus casseliflavus,37734,0
Pelobacter propionicus,29543,1
Methanolacinia petrolearia,54120,1
Corynebacterium crenatum,168810,0
Desulfovibrio africanus,873,0
Lawsonia intracellularis,29546,0
Desulfovibrio desulfuricans,876,1
Rhodothermus marinus,29549,1
Desulfovibrio fructosivorans,878,0
Desulfovibrio gigas,879,0
Halococcus saccharolyticus,62319,1
Desulfovibrio salexigens,880,1
Acholeplasma axanthum,29552,0
Haloterrigena turkmenica,62320,1
Desulfovibrio vulgaris,881,1
Syntrophus aciditrophicus,316277,1
Pantoea sp. AS-PWVM4,1332069,0
Shewanella baltica,62322,1
Synechococcus sp. RCC307,316278,1
Acidovorax ebreus,721785,1
Synechococcus sp. CC9902,316279,1
Bhargavaea cecembensis,394098,0
Thermodesulfobacterium thermophilum,886,0
Treponema medium,58231,0
Flavobacterium hibernum,37752,0
Desulfovibrio longus,889,0
Mycoplasma ovipneumoniae,29562,0
Desulfuromonas acetoxidans,891,1
Cronobacter helveticus,357240,0
Desulfobulbus propionicus,894,1
Desulfococcus multivorans,897,0
Methanobacterium lacus,877455,1
Desulfomicrobium baculatum,899,1
Bartonella tamiae,373638,0
Mycoplasma crocodyli,50052,0
Taylorella equigenitalis,29575,0
Azonexus hydrophilus,418702,0
Acidaminococcus fermentans,905,1
Megasphaera elsdenii,907,0
Muricauda ruestringensis,111501,1
Janthinobacterium lividum,29581,0
Mycobacterium sp. MOTT36Y,1168287,0
Nitrobacter hamburgensis,912,1
Nitrobacter winogradskyi,913,1
Bartonella birtlesii,111504,0
Nitrosomonas europaea,915,1
Methanocella paludicola,570267,1
Nitrosomonas eutropha,916,1
Staphylococcus pasteuri,45972,0
Mycobacterium sp. MCS,164756,0
Mycobacterium sp. JLS,164757,0
Acidithiobacillus ferrooxidans,920,1
Starkeya novella,921,1
Thioalkalivibrio thiocyanoxidans,152475,1
Bacteroides dorei,357276,0
Pseudomonas sp. P818,1336207,0
Thermocrinis albus,136094,1
Brachyspira hampsonii,1287055,0
Thiomonas intermedia,926,1
Halothiobacillus neapolitanus,927,1
Deinococcus sp. 2009,684949,1
Thermithiobacillus tepidarius,929,0
Burkholderia ambifaria,152480,0
Hydrogenobacter thermophilus,940,1
Candidatus Sulcia muelleri,336810,0
Ehrlichia canis,944,0
Ehrlichia chaffeensis,945,0
Mycobacterium sp. H4Y,1168288,0
Archaeoglobus veneficus,58290,1
Sulfurimonas gotlandica,1176482,0
Anaplasma phagocytophilum,948,0
Dyadobacter beijingensis,365489,0
Neorickettsia risticii,950,0
Neorickettsia sennetsu,951,0
Psychrobacter sp. PRwf-1,349106,0
alpha proteobacterium RS24,1397666,0
Wolbachia pipientis,955,0
Bdellovibrio bacteriovorus,959,0
Helicobacter canadensis,123841,0
Bradyrhizobium genosp. SA-4,508869,0
Geobacillus sp. GHH01,1233873,1
Herbaspirillum seropedicae,964,0
Candidatus Saccharimonas aalborgensis,1332188,0
Selenomonas ruminantium,971,0
Candidatus Tremblaya princeps,189385,0
Kineosphaera limosa,111564,0
Brachyspira innocens,13264,0
Flavobacterium indicum,312277,1
Cellulophaga lytica,979,1
Emticicia oligotrophica,312279,1
Hyphomicrobium sp. MC1,717785,1
Paludibacter propionicigenes,185300,1
Dehalobacter sp. CF,1131462,0
Pedobacter heparinus,984,1
marine actinobacterium PHSC20C1,312284,0
Cytophaga hutchinsonii,985,1
Flavobacterium johnsoniae,986,1
Aquimarina latercula,987,0
Leeuwenhoekiella marinoflava,988,0
Marinilabilia salmonicolor,989,0
Burkholderia phymatum,148447,0
Solitalea canadensis,995,0
Flavobacterium columnare,996,0
Flexibacter litoralis,999,0
Chloroflexus sp. Y-400-fl,480224,1
Hyperthermus butylicus,54248,1
Simiduia agarivorans,447471,1
Eggerthella sp. HGA1,910311,0
Pyrolobus fumarii,54252,1
Streptococcus pasteurianus,197614,0
Marivirga tractuosa,1006,1
Thermosphaera aggregans,54254,1
Saprospira grandis,1008,1
Pyrodictium abyssi,54256,1
Leptobacterium flavescens,472055,1
Amphibacillus fermentum,173041,1
Ferroglobus placidus,54261,1
Weeksella virosa,1014,0
Pseudomonas entomophila,312306,0
Bergeyella zoohelcum,1015,0
Porphyromonas catoniae,41976,0
Rhodococcus triatomae,300028,0
Burkholderia contaminans,488447,0
Capnocytophaga gingivalis,1017,0
Capnocytophaga ochracea,1018,0
Bordetella trematum,123899,0
Capnocytophaga sputigena,1019,0
Beggiatoa alba,1022,0
Bacteroides cellulosilyticus,246787,0
Leuconostoc sp. C2,979982,0
Burkholderia sp. RPE64,758793,0
Microscilla marina,1027,0
Thiothrix nivea,1031,1
Afipia clevelandensis,1034,0
Afipia felis,1035,0
Acidilobus saccharovorans,242703,1
Enterococcus saccharolyticus,41997,0
Thermus sp. CCB_US3_UF1,1111069,0
Methylotenera sp. 1P/1,1131551,0
Escherichia sp. KTE172,1279005,0
Agromyces italicus,279572,0
Raoultella ornithinolytica,54291,0
Sphingomonas wittichii,160791,0
Agrobacterium sp. H13-3,861208,0
Novosphingobium pentaromativorans,205844,0
Allochromatium vinosum,1049,1
Chroococcidiopsis thermalis,54299,1
Halorhodospira halophila,1053,1
Dictyoglomus turgidum,513050,1
Hydrogenophaga sp. PBC,795665,0
Natrinema sp. J7-2,406552,1
Ralstonia sp. PBA,795666,0
Rhodococcus opacus,37919,1
Micavibrio aeruginosavorus,349221,0
Hippea alviniae,1279027,0
Acidovorax radicis,758826,0
Thiocapsa roseopersicina,1058,1
Budvicia aquatica,82979,0
Pleurocapsa minor,54308,1
Rhodobacter capsulatus,1061,0
Thermocrispum agreste,37925,0
Thermocrispum municipale,37926,0
Leptospira sp. Fiocruz LV3954,1193012,0
Rhodobacter sphaeroides,1063,1
Leptospira sp. Fiocruz LV4135,1193013,0
Acidithiobacillus ferrivorans,160808,0
Granulicatella adiacens,46124,0
Rhodomicrobium vannielii,1069,1
Abiotrophia defectiva,46125,0
Bacillus sonorensis,119858,1
Mycoplasma haemocanis,136241,0
Rhodopseudomonas palustris,1076,1
Serratia plymuthica,82996,0
Marinomonas mediterranea,119864,1
Brucella sp. 63/311,1160235,0
Phaeospirillum molischianum,1083,0
Brucella sp. UK38/05,1160234,0
Rhodospirillum photometricum,1084,0
Planococcus donghaensis,414778,0
Rhodospirillum rubrum,1085,1
Burkholderia mallei,13373,0
Acidaminococcus sp. BV3L6,1111120,0
Atopobium sp. BV3Ac4,1111121,0
Arthrobacter castelli,271431,0
Chlorobium limicola,1092,1
Desulfotignum balticum,115781,0
Chlorobium phaeovibrioides,1094,1
Jonquetella sp. BV3C21,1111126,0
Candidatus Nitrosopumilus sp. AR2,1229909,0
Chlorobium phaeobacteroides,1096,1
Winogradskyella pacifica,664642,0
Chlorobaculum tepidum,1097,1
Prosthecochloris vibrioformis,1098,1
Pelodictyon luteolum,1100,1
Natrialba taiwanensis,160846,1
Prosthecochloris aestuarii,1102,1
Coriobacterium glomerans,33871,0
Coriobacteriaceae bacterium BV3Ac1,1111135,0
Lentibacillus jeotgali,558169,0
Staphylococcus pseudintermedius,283734,0
Chloroflexus aurantiacus,1108,1
Gelidibacter mesophilus,169050,0
Agrobacterium fabrum,1176649,0
Oenococcus kitaharae,336988,0
Borrelia bavariensis,664662,0
Bradyrhizobium sp. ORS 285,115808,0
Halomonas titanicae,664683,0
Arthrobacter phenanthrenivorans,361575,1
Desulfatibacillum aliphaticivorans,218208,1
Microcystis aeruginosa,1126,1
Mycobacterium africanum,33894,0
Sphingomonas melonis,152682,0
Parabacteroides goldsteinii,328812,0
Tersicoccus phoenicis,554083,0
Haloterrigena salina,504937,1
Streptomyces avermitilis,33903,1
Candidatus Arthromitus sp. SFB-rat-Yit,1041504,0
Bifidobacterium thermophilum,33905,0
Slackia sp. CM382,1111137,0
Actinopolyspora mortivallis,33906,0
Pyrobaculum neutrophilum,70771,1
Bartonella sp. DB5-6,1094755,0
Amycolatopsis mediterranei,33910,1
Pseudomonas plecoglossicida,70775,0
Megasphaera sp. UPII 135-E,1000569,0
Megasphaera sp. UPII 199-6,1000568,0
Mesonia mobilis,369791,1
Synechocystis sp. PCC 6714,1147,1
Synechocystis sp. PCC 6803,1148,1
Methanolobus vulcani,38026,0
Acinetobacter sp. NIPH 542,1217688,0
Trichormus azollae,1164,1
Acinetobacter sp. CIP 64.2,1217694,0
Anabaena cylindrica,1165,1
Halanaerobium hydrogeniformans,656519,1
Acinetobacter sp. NIPH 1859,1217695,0
Anoxybacillus flavithermus,33934,1
Nodularia spumigena,70799,1
Acinetobacter sp. NIPH 298,1217692,0
Carnobacterium sp. WN1359,1266845,0
Acinetobacter sp. NIPH 2171,1217693,0
Thermosediminibacter oceani,291990,1
Anabaena variabilis,1172,1
Geobacillus thermodenitrificans,33940,1
Ruminococcus lactaris,46228,0
Geobacillus thermoleovorans,33941,1
Candidatus Atelocyanobacterium thalassa,713887,1
Kyrpidia tusciae,33943,1
Enterococcus avium,33945,0
Nostoc commune,1178,0
Anabaena sp. 90,46234,1
Bacteriovorax sp. Seq25_V,1201288,0
Desmonostoc muscorum,1179,0
Bacillus infantis,324767,0
Halovivax asiaticus,332953,1
Acetobacterium woodii,33952,1
Acinetobacter sp. ANC 3789,1217714,0
Clostridium magnum,33954,0
Acinetobacter sp. NIPH 758,1217712,0
Thermoplasma volcanium,50339,1
Acinetobacter sp. NIPH 809,1217713,0
Pseudomonas fuscovaginae,50340,0
Leptolyngbya sp. PCC 7376,111781,1
Cupriavidus sp. BIS7,1217718,0
Sphaerochaeta globosa,1131703,1
Lactobacillus johnsonii,33959,0
Stackebrandtia nassauensis,283811,1
Sphaerochaeta pleomorpha,1131707,1
Leuconostoc citreum,33964,0
Thermofilum sp. 1910b,1365176,1
Bradyrhizobiaceae bacterium SG-6C,709797,0
Leuconostoc pseudomesenteroides,33968,0
Methanocaldococcus sp. FS406-22,644281,1
Acinetobacter sp. NIPH 3623,1217698,0
Melissococcus plutonius,33970,0
Scytonema crispum,439476,0
Microbacterium luticocti,451764,0
Acinetobacter sp. NIPH 2036,1217696,0
Acinetobacter sp. NIPH 1847,1217697,0
Acinetobacter sp. NIPH 1867,1217702,0
Acinetobacter sp. ANC 4105,1217703,0
Trichodesmium erythraeum,1206,1
Acinetobacter sp. CIP 70.18,1217700,0
Acinetobacter sp. ANC 3880,1217701,0
Bacillus infernus,38072,1
Acinetobacter sp. NIPH 2168,1217706,0
Acinetobacter sp. ANC 3929,1217707,0
Thermococcus sp. AM4,246969,1
Acinetobacter sp. NIPH 284,1217704,0
Prevotella amnii,419005,0
Acinetobacter sp. ANC 3862,1217705,0
Opitutus terrae,107709,1
Acinetobacter sp. NIPH 899,1217710,0
Acinetobacter sp. NIPH 236,1217711,0
Acinetobacter sp. NIPH 2100,1217708,0
Acinetobacter sp. NIPH 713,1217709,0
Prochloron didemni,1216,0
Frankia sp. Iso899,1283283,0
Alloscardovia omnicolens,419015,0
Pseudovibrio sp. JE062,439495,0
Prochlorococcus marinus,1219,1
Glaciecola nitratireducens,300231,1
Candidatus Pelagibacter sp. HTCC7211,439493,0
Candidatus Rickettsia amblyommii,33989,0
Rickettsia bellii,33990,0
Rickettsia montanensis,33991,0
Chlorobium chlorochromatii,337090,1
Rickettsia rhipicephali,33992,0
Bradyrhizobium sp. Cp5.3,443598,0
Marinimicrobium sp. LS-A18,1381596,0
gamma proteobacterium NOR5-3,566466,0
Gluconacetobacter diazotrophicus,33996,0
Thioalkalivibrio sp. ALRh,1266911,0
Nitrosococcus oceani,1229,1
Shewanella oneidensis,70863,1
Rhodobacterales bacterium Y4I,439496,0
Enterobacteriaceae bacterium strain FGI 57,693444,0
Thioalkalivibrio sp. ALE19,1266909,0
Nitrosospira multiformis,1231,1
Ruegeria sp. R11,439497,0
Shewanella pealeana,70864,1
Paracoccus aminophilus,34003,0
Salipiger mucosus,263378,0
Ferroplasma acidiphilum,74969,1
Corynebacterium efficiens,152794,0
Novosphingobium tardaugens,169176,0
Leuconostoc gelidum,1244,0
Leuconostoc mesenteroides,1245,0
Leuconostoc lactis,1246,0
Oenococcus oeni,1247,0
Weissella paramesenteroides,1249,0
Rhodospirillum centenum,34018,1
Methanocaldococcus fervens,83171,1
Leuconostoc fallax,1251,0
Leuconostoc carnosum,1252,0
Candidatus Liberibacter asiaticus,34021,0
Thermoanaerobacter pseudethanolicus,496866,1
Pediococcus acidilactici,1254,0
Pediococcus pentosaceus,1255,0
Weissella koreensis,165096,0
Thermodesulfobacterium geofontis,1295609,1
Azoarcus tolulyticus,34027,0
Finegoldia magna,1260,0
Pyrobaculum calidifontis,181486,1
Acinetobacter oleivorans,1148157,0
Leptothrix cholodnii,34029,1
Actinomyces cardiffensis,181487,0
Rivularia sp. PCC 7116,373994,0
Ruminococcus albus,1264,0
Ruminococcus flavefaciens,1265,0
Thioalkalivibrio sp. AKL19,1266914,0
Micrococcus luteus,1270,1
Rahnella aquatilis,34038,0
Paenibacillus sp. HGH0039,1078505,1
Streptomyces acidiscabies,42234,1
Kytococcus sedentarius,1276,0
Streptomyces neyagawaensis,42238,1
Burkholderia cenocepacia,95486,0
Staphylococcus aureus,1280,0
Staphylococcus carnosus,1281,0
Staphylococcus epidermidis,1282,0
Staphylococcus haemolyticus,1283,0
Bradyrhizobium sp. BTAi1,288000,0
Halobacillus sp. BAB-2008,1246484,0
Candidatus Methanomethylophilus alvus,1291540,0
Staphylococcus xylosus,1288,0
Wolbachia endosymbiont of Culex quinquefasciatus,263437,0
Staphylococcus hominis,1290,0
Methylobacter marinus,34058,0
Nostoc sp. PCC 7120,103690,1
Staphylococcus warneri,1292,0
Staphylococcus muscae,1294,0
Calothrix sp. PCC 7507,99598,1
Thermoanaerobacter wiegelii,46354,1
Deinococcus radiodurans,1299,1
Spirochaeta africana,46355,1
Cycloclasticus pugetii,34068,0
Streptococcus gordonii,1302,0
Streptococcus oralis,1303,0
Streptococcus salivarius,1304,0
Prevotella marshii,189722,0
Glaciibacter superstes,501023,0
Streptococcus sanguinis,1305,0
Variovorax paradoxus,34073,1
Prevotella micans,189723,0
Desulfatibacillum alkenivorans,259354,1
Streptococcus suis,1307,0
Gordonia soli,320799,0
Streptococcus thermophilus,1308,0
Streptococcus mutans,1309,0
Streptococcus sobrinus,1310,0
Streptococcus agalactiae,1311,0
Streptococcus pneumoniae,1313,0
Streptococcus pyogenes,1314,0
Gordonia sp. KTR9,337191,0
Streptococcus downei,1317,0
Riemerella anatipestifer,34085,0
Burkholderia sp. SJ98,406819,0
Streptococcus parasanguinis,1318,0
Blautia hansenii,1322,0
Pelodictyon phaeoclathratiforme,34090,1
Faecalicoccus pleomorphus,1323,0
Streptomyces venezuelae,54571,1
Gluconacetobacter sp. SXCC-1,1004836,0
Dysgonomonas gadei,156974,0
Bacillus sp. 5B6,1127743,1
Streptococcus anginosus,1328,0
Brachybacterium paraconglomeratum,173362,0
Streptococcus canis,1329,0
Saccharothrix espanaensis,103731,1
Streptococcus criceti,1333,0
Streptococcus dysgalactiae,1334,0
Methylobacter tundripaludum,173365,0
Streptococcus equi,1336,0
Streptobacillus moniliformis,34105,0
Prevotella copri,165179,0
Streptococcus intermedius,1338,0
Streptococcus macacae,1339,0
Bradyrhizobium sp. Ec3.3,189753,0
Methylacidiphilum fumariolicum,591154,1
Streptococcus porcinus,1340,0
Pantoea sp. aB,517433,0
Streptococcus vestibularis,1343,0
Nesterenkonia sp. F,795955,0
Streptococcus iniae,1346,0
Streptococcus parauberis,1348,0
Streptococcus uberis,1349,0
Enterococcus faecalis,1351,0
Enterococcus faecium,1352,0
Candidatus Midichloria mitochondrii,234827,0
Lachnospiraceae bacterium 2_1_46FAA,742723,0
Enterococcus gallinarum,1353,0
Synechococcus sp. PCC 7335,91464,0
Enterococcus hirae,1354,0
Enterococcus sulfureus,1356,0
Pseudoalteromonas sp. SM9913,234831,1
Lactococcus lactis,1358,0
Corynebacterium aurimucosum,169292,0
Sulfuricurvum kujiense,148813,1
Bacillus sp. JS,1127744,1
Sulfolobus tokodaii,111955,1
Lactococcus garvieae,1363,0
Crocosphaera watsonii,263511,1
Ignavibacterium album,591197,1
Lactococcus raffinolactis,1366,0
Staphylococcus sp. AL1,861530,0
Sphingobium chlorophenolicum,46429,1
Aerococcus urinae,1376,0
Gemella haemolysans,1379,0
Atopobium minutum,1381,0
Atopobium parvulum,1382,0
Methyloversatilis universalis,378211,0
Octadecabacter antarcticus,1217908,0
Atopobium rimae,1383,0
Desulfosporosinus meridiei,79209,1
Rickettsia heilongjiangensis,226665,0
Prevotella timonensis,386414,0
Bacillus amyloliquefaciens,1390,1
Bacillus anthracis,1392,1
Brevibacillus brevis,1393,1
Bacillus cereus,1396,1
Phenylobacterium zucineum,284016,0
Bacillus coagulans,1398,1
Leisingera aquimarina,476529,0
Lactobacillus psittaci,116089,0
Bacillus licheniformis,1402,1
Sphingobium yanoikuyae,13690,0
Bacillus megaterium,1404,1
Bacillus mycoides,1405,1
Paenibacillus polymyxa,1406,0
Bacillus pumilus,1408,1
Riemerella columbina,103810,0
Bacillus cellulosilyticus,1413,1
Rhodococcus pyridinivorans,103816,0
Acinetobacter bohemicus,1435036,0
Corynebacterium accolens,38284,0
Gordonia rhizosphera,83341,0
Lysinibacillus sphaericus,1421,1
Geobacillus stearothermophilus,1422,1
Bacillus subtilis,1423,1
Corynebacterium genitalium,38288,0
Corynebacterium jeikeium,38289,0
Zunongwangia profunda,398743,1
Geobacillus thermoglucosidasius,1426,1
Bacillus thuringiensis,1428,1
Photobacterium damselae,38293,0
Rhodococcus sp. BCP1,931223,0
Desulfococcus oleovorans,181663,0
Corynebacterium pseudogenitalium,38303,0
Corynebacterium tuberculostearicum,38304,0
Lachnospiraceae oral taxon 107,652712,0
Leuconostoc kimchii,136609,0
Prevotella sp. oral taxon 299,652716,0
Parabacteroides merdae,46503,0
Psychromonas ingrahamii,357794,1
Novosphingobium acidiphilum,505248,0
Rhodococcus rhodnii,38312,0
Microbacterium sp. TS-1,1344956,0
Amphibacillus xylanus,1449,1
Shewanella algae,38313,1
Lactobacillus coleohominis,181675,0
Dialister invisus,218538,0
Bacteroides stercoris,46506,0
Gemmatimonas aurantiaca,173480,0
Oribacterium sp. oral taxon 078,652706,0
Bacillus atrophaeus,1452,1
Bacteroidetes oral taxon 274,652708,0
Bordetella hinzii,103855,0
Mucilaginibacter paludis,423351,0
Candidatus Ruthia magnifica,386487,0
Bartonella henselae,38323,0
Roseiflexus sp. RS-1,357808,1
Methanoregula formicica,882104,1
Geobacillus kaustophilus,1462,1
Halobacteroides halobius,42422,1
Paenibacillus larvae,1464,0
Brevibacillus laterosporus,1465,0
Bacillus methanolicus,1471,0
Desulforegula conservatrix,153026,0
Staphylococcus sp. EGD-HP3,1357269,0
Bacillus smithii,1479,0
Natrialba magadii,13769,1
Virgibacillus halodenitrificans,1482,0
Roseobacter litoralis,42443,1
Thermococcus fumicolans,46540,1
Pyrobaculum aerophilum,13773,1
Thermosipho melanesiensis,46541,1
gamma proteobacterium HdN1,83406,0
Clostridium acetobutylicum,1488,1
Salmonella bongori,54736,0
Azoarcus sp. BH72,62928,0
[Clostridium] bifermentans,1490,0
Dechloromonas aromatica,259537,1
Clostridium botulinum,1491,0
Clostridium butyricum,1492,0
Clostridium cellulovorans,1493,1
Frankia sp. QA3,710111,0
Peptoclostridium difficile,1496,0
Anaerotruncus colihominis,169435,0
Mycobacterium sp. KMS,189918,0
Clostridium pasteurianum,1501,0
Clostridium perfringens,1502,0
Clostridium septicum,1504,0
Chitinophaga pinensis,79329,0
[Clostridium] sordellii,1505,0
Sphingobium sp. AP49,1144307,0
Rhizobium sp. AP16,1144306,0
Clostridium sporogenes,1509,0
Thermus sp. RL,456163,0
[Clostridium] stercorarium,1510,1
Thermanaerovibrio velox,108007,0
[Clostridium] sticklandii,1511,0
[Clostridium] symbiosum,1512,0
Clostridium tetani,1513,0
Rhizobium sp. CF122,1144312,0
Variovorax sp. CF313,1144315,0
Ruminiclostridium thermocellum,1515,1
Thiorhodococcus drewsii,210408,1
Rhizobium sp. CF142,1144314,0
Thermoanaerobacter thermohydrosulfuricus,1516,1
Desulfonatronospira thiodismutans,488939,1
Thermoanaerobacterium thermosaccharolyticum,1517,1
Chryseobacterium sp. CF314,1144316,0
Herbaspirillum sp. CF444,1144319,0
Polaromonas sp. CF318,1144318,0
Clostridium beijerinckii,1520,1
[Clostridium] cellulolyticum,1521,1
[Clostridium] innocuum,1522,0
[Clostridium] piliforme,1524,0
Moorella thermoacetica,1525,1
Gordonia sihwensis,173559,0
Burkholderia sp. CCGE1002,640511,0
Burkholderia sp. CCGE1001,640510,0
Methanogenium frigidum,62970,1
[Clostridium] clostridioforme,1531,0
Pseudoxanthomonas spadix,415229,1
Corynebacterium sp. HFH0082,1078764,0
Clostridium kluyveri,1534,1
Myxococcus stipitatus,83455,1
Brucella sp. NF 2653,693748,0
[Clostridium] leptum,1535,0
Acinetobacter sp. ADP1,62977,0
Bacillus oceanisediminis,665099,1
Clostridium ljungdahlii,1538,1
Pseudomonas sp. GM80,1144339,0
Kurthia sp. JC8E,1033740,0
Kurthia massiliensis,1033739,0
Verrucomicrobiae bacterium DG1235,382464,0
Pantoea sp. SL1_M5,697871,0
Clostridium novyi,1542,0
Phyllobacterium sp. YR531,1144343,0
Herbaspirillum sp. YR522,1144342,0
Burkholderia sp. CCGE1003,640512,0
Bacillus timonensis,1033734,0
Erysipelatoclostridium ramosum,1547,0
[Clostridium] sporosphaeroides,1549,0
Rhodopirellula sp. SWK7,595460,1
Fischerella sp. PCC 9431,1173023,1
Pseudomonas sp. GM102,1144321,0
Pseudomonas sp. GM17,1144323,0
Gottschalkia acidurici,1556,0
Sphingobacterium paucimobilis,1385985,0
Exiguobacterium pavilionensis,1385984,0
Gramella forsetii,411153,1
Salimicrobium sp. MJ3,1230341,0
Thermoplasmatales archaeon BRNA1,1054217,0
Streptococcus urinalis,149016,0
Desulfosporosinus orientis,1563,1
Desulfotomaculum ruminis,1564,1
Pseudomonas sp. GM55,1144333,0
Pseudomonas sp. GM50,1144332,0
Saccharomonospora xinjiangensis,75294,0
Halobacillus halophilus,1570,1
Achromobacter insuavis,1287735,0
Candidatus Methanomassiliicoccus intestinalis,1406512,0
Serinicoccus marinus,247333,0
Leifsonia xyli,1575,0
Rhizobium freirei,1353277,0
Lactobacillus acidophilus,1579,0
Lactobacillus brevis,1580,0
Lactobacillus buchneri,1581,0
Lactobacillus casei,1582,0
Lactobacillus kefiranofaciens,267818,0
Lactobacillus delbrueckii,1584,0
Geitlerinema sp. PCC 7407,1173025,1
Microcoleus sp. PCC 7113,1173027,1
Lactobacillus helveticus,1587,0
Blattabacterium sp. (Blattella germanica),624186,0
Gloeocapsa sp. PCC 7428,1173026,1
Lactobacillus pentosus,1589,0
Lactobacillus plantarum,1590,0
Chamaesiphon minutus,1173032,0
Ruegeria sp. TM1040,292414,1
Chryseobacterium greenlandense,345663,0
Lactobacillus gasseri,1596,0
Lactobacillus paracasei,1597,0
Lactobacillus reuteri,1598,0
Burkholderia sp. Ch1-1,243261,0
Lactobacillus sakei,1599,0
Rubrivivax benzoatilyticus,316997,0
Candidatus Nasuia deltocephalinicola,1160784,0
Stappia stellulata,71235,0
Lactobacillus amylovorus,1604,0
Blattabacterium sp. (Nauphoeta cinerea),1316444,0
Lactobacillus farciminis,1612,0
Lactobacillus fermentum,1613,0
Lactobacillus fructivorans,1614,0
Halogranum salarium,693851,1
Planococcus antarcticus,161360,0
Sandarakinorhabdus limnophila,210512,0
Arthrobacter rhombi,71253,0
Olsenella sp. oral taxon 809,661086,0
Capnocytophaga sp. oral taxon 338,710239,0
Helicobacter winghamensis,157268,0
Lactobacillus ruminis,1623,0
Lactobacillus salivarius,1624,0
Lactobacillus sanfranciscensis,1625,0
Thermotoga lettingae,177758,1
Citromicrobium sp. JLT1363,517722,0
Fructobacillus fructosus,1631,0
Lactobacillus oris,1632,0
Parachlamydia acanthamoebae,83552,0
Chlamydophila abortus,83555,0
Chlamydia psittaci,83554,0
Chlamydophila caviae,83557,0
Chlamydophila felis,83556,0
Listeria ivanovii,1638,0
Listeria monocytogenes,1639,0
Chlamydia pneumoniae,83558,0
Listeria seeligeri,1640,0
Simkania negevensis,83561,0
Listeria grayi,1641,0
Chlamydia muridarum,83560,0
Listeria innocua,1642,0
Oceaniovalibus guishaninsula,1046117,0
Listeria welshimeri,1643,0
Chryseobacterium gregarium,456299,0
Renibacterium salmoninarum,1646,0
Candidatus Pelagibacter ubique,198252,1
Erysipelothrix rhusiopathiae,1648,0
Thioalkalivibrio sulfidiphilus,1033854,1
Alloiococcus otitis,1652,0
Actinomyces naeslundii,1655,0
Thermoanaerobacter italicus,108150,1
Actinomyces viscosus,1656,0
Marinobacter adhaerens,1033846,1
Actinomyces israelii,1659,0
Actinomyces odontolyticus,1660,0
Trueperella pyogenes,1661,0
Arthrobacter globiformis,1665,0
Xanthomonas euvesicatoria,456327,0
Streptococcus sp. C150,435842,0
Geobacillus sp. Y412MC52,550542,1
Polaromonas sp. JS666,296591,1
Candidatus Blochmannia vafer,251535,0
Bifidobacterium adolescentis,1680,0
Streptomyces pratensis,1169025,1
Bifidobacterium bifidum,1681,0
Bifidobacterium angulatum,1683,0
Oceanicaulis alexandrii,153233,0
Bifidobacterium asteroides,1684,0
Bifidobacterium breve,1685,0
Candidatus Blochmannia chromaiodes,251542,0
Bifidobacterium catenulatum,1686,0
Bifidobacterium dentium,1689,0
Bifidobacterium minimum,1693,0
Luteimonas mephitis,83615,0
Bradyrhizobium sp. DFCI-1,1230476,0
Brevibacterium linens,1703,0
Novosphingobium sp. PP1Y,702113,1
Methylophilus sp. 42,1115834,0
Luminiphilus syltensis,1341119,0
Cellulomonas fimi,1708,1
Thauera sp. 63,497321,0
Cellulomonas flavigena,1711,1
Richelia intracellularis,1164990,0
Streptomyces sp. AA0539,1210045,0
Novosphingobium nitrogenifigens,378548,0
alpha proteobacterium JLT2015,1234595,0
Cenarchaeum symbiosum,46770,1
Elusimicrobium minutum,423605,0
Corynebacterium diphtheriae,1717,0
Thermoanaerobacter mathranii,583357,1
Corynebacterium glutamicum,1718,0
Corynebacterium pseudotuberculosis,1719,0
Corynebacterium callunae,1721,0
Corynebacterium renale,1724,0
Streptomyces collinus,42684,1
Corynebacterium variabile,1727,0
planctomycete KSU-1,247490,0
Candidatus Portiera aleyrodidarum,91844,0
Eubacterium limosum,1736,0
Pseudovibrio sp. FO-BEG1,911045,1
Clostridium saccharobutylicum,169679,0
Propionibacterium freudenreichii,1744,0
Microbacterium indicum,358100,0
Zobellia galactanivorans,63186,1
Dactylococcopsis salina,292566,1
Propionibacterium acnes,1747,0
Propionibacterium acidipropionici,1748,0
Leptospira alexanderi,100053,0
Propionibacterium propionicum,1750,0
Propionibacterium thoenii,1751,0
Anaeromyxobacter dehalogenans,161493,1
Nisaea denitrificans,390877,0
Sphingomonas sp. PR090111-T3T-6A,685778,0
Thermoanaerobacter ethanolicus,1757,1
Streptomyces filamentosus,67294,1
Agrococcus lahaulensis,341722,0
Gordonia effusa,263908,0
Gallionella capsiferriformans,370405,1
Gordonia araii,263909,0
Echinicola vietnamensis,390884,1
Meridianimaribacter flavus,571115,0
Clostridium sp. SY8519,1042156,0
Mycobacterium avium,1764,0
Mycobacterium bovis,1765,0
Mycobacterium fortuitum,1766,0
Mycobacterium intracellulare,1767,0
Corynebacterium maris,575200,0
Cryocola sp. 340MFSha3.1,1169145,0
Mycobacterium leprae,1769,0
Mycobacterium phlei,1771,0
Haloferax mucosum,403181,1
Microbacterium sp. 11MF,1169146,0
Mycobacterium smegmatis,1772,0
Humibacter albus,427754,0
Mycobacterium tuberculosis,1773,0
Mycobacterium flavescens,1776,0
Saccharomonospora marina,632569,0
Oscillochloris trichoides,104176,0
Haloferax elongans,403191,1
Mycobacterium marinum,1781,0
Caldanaerobacter subterraneus,911092,1
Catenulispora acidiphila,304895,1
Mycobacterium xenopi,1789,0
Thermodesulfatator atlanticus,501497,1
Brucella ceti,120577,0
Brucella pinnipedialis,120576,0
Bizionia argentinensis,456455,0
Mycobacterium neoaurum,1795,0
Sphingobium quisquiliarum,538379,0
Mycobacterium thermoresistibile,1797,0
Brucella microti,444163,0
Nostoc punctiforme,272131,1
Mycobacterium chubuense,1800,0
Mesorhizobium amorphae,71433,0
Mycobacterium gilvum,1804,0
Ochrobactrum sp. EGD-AQ16,1390361,0
Nitrososphaera viennensis,1034015,1
Mycobacterium ulcerans,1809,0
Mycobacterium vaccae,1810,0
Lactobacillus versmoldensis,194326,0
Brucella inopinata,1218315,0
Enterococcus malodoratus,71451,0
Tetragenococcus solitarius,71453,0
Enterococcus raffinosus,71452,0
gamma proteobacterium SCGC AAA168-P09,1009426,0
Synechococcus sp. PCC 7502,1173263,0
Nocardia asteroides,1824,0
Dietzia cinnamea,321318,0
Rhodococcus rhodochrous,1829,0
Rhizobium lupini,136996,0
Rhodococcus erythropolis,1833,1
Synechococcus sp. JA-3-3Ab,321327,1
Saccharopolyspora erythraea,1836,0
Micromonospora sp. L5,648999,1
Synechococcus sp. JA-2-3B'a(2-13),321332,1
Imtechella halotolerans,1165090,0
Candidatus Profftella armatura,669502,0
Rhodococcus jostii,132919,1
Shuttleworthia satelles,177972,0
Pseudomonas syringae group genomosp. 3,251701,0
Methylotenera sp. 73s,1165096,0
Exiguobacterium antarcticum,132920,1
Saccharomonospora viridis,1852,1
Rickettsiella grylli,59196,0
Rhizobium grahamii,1120045,0
Brucella sp. F5/06,1169233,0
Corynebacterium argentoratense,42817,0
Frankia alni,1859,0
Brucella sp. 56/94,1169234,0
Butyricicoccus pullicaecorum,501571,0
Acinetobacter sp. CIP 101934,1144661,0
Geodermatophilus obscurus,1861,1
Anaerofustis stercorihominis,214853,0
Acinetobacter sp. CIP 102082,1144663,0
Dermatophilus congolensis,1863,0
Chryseobacterium palustre,493376,0
Acinetobacter sp. CIP 101966,1144662,0
Acinetobacter sp. CIP 102136,1144665,0
Acidovorax sp. KKS102,358220,0
Acinetobacter sp. CIP 102129,1144664,0
Actinoplanes missouriensis,1866,1
Burkholderia multivorans,87883,0
Acinetobacter sp. CIP 102159,1144667,0
Alistipes finegoldii,214856,0
Acinetobacter sp. CIP 102143,1144666,0
Tenacibaculum amylolyticum,104269,1
Acinetobacter sp. CIP 102637,1144669,0
Acinetobacter sp. CIP 102529,1144668,0
Acinetobacter sp. CIP 53.82,1144671,0
Tenacibaculum ovolyticum,104270,0
Xylanimonas cellulosilytica,186189,1
Weissella ceti,759620,0
Acinetobacter sp. CIP 51.11,1144670,0
marine gamma proteobacterium HTCC2148,247634,0
Marinithermus hydrothermalis,186192,1
Psychrobacter luti,198481,0
marine gamma proteobacterium HTCC2143,247633,0
marine gamma proteobacterium HTCC2080,247639,0
Streptococcus sp. M143,563037,0
Ammonifex degensii,42838,1
Streptococcus sp. M334,563038,0
Clostridium sp. M62/1,411486,0
Acidobacteriaceae bacterium KBS 96,1267535,0
Pseudomonas mandelii,75612,0
Acidobacteriaceae bacterium KBS 89,1267534,0
Acidobacteriaceae bacterium KBS 83,1267533,0
Algoriphagus marincola,264027,0
Marinimicrobia bacterium SCGC AAA298-D23,939857,0
Streptomyces albus,1888,1
Desulfovibrio sp. FW1012B,644968,0
Leptospira sp. B5-022,1242992,0
Clostridium sp. L2-50,411489,0
Methanobrevibacter ruminantium,83816,0
Deinococcus proteolyticus,55148,1
Methanothermobacter thermautotrophicus,145262,1
Streptomyces clavuligerus,1901,0
Methanothermobacter marburgensis,145263,1
Streptomyces coelicolor,1902,1
Rickettsia felis,42862,0
Lysinibacillus odysseyi,202611,1
Acinetobacter sp. CIP 64.7,1144673,0
Acinetobacter sp. CIP 56.2,1144672,0
Acinetobacter sp. CIP A162,1144674,0
Pseudoclavibacter faecalis,272240,0
Streptomyces griseus,1911,1
Streptomyces hygroscopicus,1912,1
Metabacterium polyspora,38778,0
Streptomyces lividans,1916,1
Leptospira sp. serovar Kenya,1242990,0
Methanococcus aeolicus,42879,1
Austwickia chelonae,100225,0
Oceanibaculum indicum,526216,0
Aquifex aeolicus,63363,1
Dialister micraerophilus,309120,0
Pseudomonas sp. CF161,911241,0
Burkholderia sprentiae,948107,0
Pseudomonas sp. CFII64,911242,0
Hyphomicrobium nitrativorans,1427356,0
Streptomyces scabiei,1930,1
Pseudomonas sp. CF149,911239,0
Dethiobacter alkaliphilus,427926,1
Mycoplasma parvum,984991,0
Sulfurihydrogenibium sp. YO3AOP1,436114,1
Desulfurivibrio alkaliphilus,427923,1
Pseudomonas sp. GM41(2012),1144708,0
Streptomyces sp. CNT318,1288079,0
Flavobacterium branchiophilum,55197,0
Streptomyces purpureus,1951,1
Candidatus Puniceispirillum marinum,767892,1
Escherichia sp. KTE11,1169331,0
Caldicellulosiruptor owensensis,55205,1
Spirochaeta smaragdinae,55206,1
Pectobacterium wasabiae,55208,0
Edwardsiella piscicida,1263550,0
Streptococcus macedonicus,59310,0
Hydrocarboniphaga effusa,243629,0
Ruegeria lacuscaerulensis,55218,0
Eubacterium saphenum,51123,0
Citrobacter sp. KTE30,1169319,0
Amycolatopsis benzoatilytica,346045,1
Escherichia sp. KTE114,1169321,0
Luteimonas sp. J29,935863,0
Citrobacter sp. KTE151,1169322,0
Desulfovibrio aespoeensis,182210,1
Dietzia alimentaria,665550,0
Flavobacteriaceae bacterium S85,1042376,0
Aquimarina agarilytica,1087449,0
Dethiosulfovibrio peptidovorans,47055,0
Streptosporangium roseum,2001,1
Vulcanisaeta moutnovskia,985052,1
Escherichia sp. KTE31,1169349,0
Thermobispora bispora,2006,1
Citrobacter sp. KTE32,1169350,0
Treponema maltophilum,51160,0
Nocardiopsis dassonvillei,2014,1
Acidianus hospitalis,563177,1
Pseudomonas chlororaphis,587753,0
Thermomonospora curvata,2020,1
Thermobifida fusca,2021,1
[Mannheimia] succiniciproducens,157673,0
Microbacterium testaceum,2033,0
Waddlia chondrophila,71667,0
Bacillus sp. NSP9.1,1071078,1
Tropheryma whipplei,2039,0
Bacillus sp. SB47,1071079,1
Prevotella jejuni,1177574,0
Sulfurimonas autotrophica,202747,1
Leptotrichia hofstadii,157688,0
Treponema primitia,88058,0
Aurantimonas coralicida,182270,0
Syntrophobotulus glycolicus,51197,1
Rothia dentocariosa,2047,0
Ruania albidiflava,366586,0
Acidaminococcus sp. D21,563191,0
candidate division SR1 bacterium RAAC1_SR1_1,1394709,0
Sphingomonas sp. KC8,1030157,0
Mobiluncus curtisii,2051,0
Mobiluncus mulieris,2052,0
Gordonia bronchialis,2054,0
Gordonia terrae,2055,0
Sphaerobacter thermophilus,2057,1
Bacillus clausii,79880,1
Pseudoclavibacter soli,452623,0
Rhodobacteraceae bacterium HIMB11,1366046,0
Bacillus pseudofirmus,79885,1
Tsukamurella paurometabola,2061,0
Caulobacter sp. K31,366602,1
Sulfurovum sp. NBC37-1,387093,0
Methanocorpusculum labreanum,83984,1
Nitratiruptor sp. SB155-2,387092,0
Kitasatospora setae,2066,1
Mycobacterium sp. UM_RHS,1370118,0
Methanoculleus bourgensis,83986,1
Brevibacterium ammoniilyticum,1046555,0
Amphritea japonica,452627,1
Streptomyces rapamycinicus,1226757,0
Clostridium sp. BNL1100,755731,0
Onion yellows phytoplasma,100379,0
Dyella japonica,231455,0
Mycobacterium sp. UM_WGJ,1370120,0
Wigglesworthia glossinidia,51229,0
Mycobacterium sp. UM_WWY,1370121,0
Mariniflexile gromovii,362523,0
Facklamia hominis,178214,0
Actinobaculum massiliense,202789,0
Ottowia thiooxydans,219182,0
Mycoplasma capricolum,2095,0
Francisella noatunensis,657445,0
Mycoplasma gallisepticum,2096,0
Rathayibacter toxicus,145458,0
Mycoplasma genitalium,2097,0
Niastella koreensis,354356,1
Mycoplasma hominis,2098,0
Mycoplasma hyopneumoniae,2099,0
Reinekea blandensis,374838,0
Mycoplasma hyorhinis,2100,0
Mycoplasma mycoides,2102,0
Mycoplasma pneumoniae,2104,0
Candidatus Nitrososphaera gargensis,497727,1
Mycoplasma leachii,2105,0
Leptospira sp. P2653,1218600,0
Mycoplasma pulmonis,2107,0
Mycoplasma synoviae,2109,0
Xanthomonas fuscans,366648,0
Mycoplasma agalactiae,2110,0
Mycoplasma arthritidis,2111,0
[Clostridium] saccharolyticum,84030,1
Xanthomonas alfalfae,366650,0
Mycoplasma fermentans,2115,0
Erwinia billingiae,182337,0
Eremococcus coleocola,88132,0
Mycoplasma mobile,2118,0
Sulfolobus islandicus,43080,1
Mycoplasma orale,2121,0
Acholeplasma palmae,38986,0
Mycoplasma putrefaciens,2123,0
Flagellimonas eckloniae,346185,1
Candidatus Mycoplasma haemolamae,141391,0
Aciduliprofundum sp. MAR08-339,673860,1
Mycoplasma flocculare,2128,0
Ureaplasma urealyticum,2130,0
Thioalkalimicrobium aerophilum,92245,0
Corynebacterium kroppenstedtii,161879,0
Spiroplasma melliferum,2134,0
Flavobacterium psychrophilum,96345,0
Archaeoglobus sulfaticallidus,1316941,0
Clostridium sp. DL-VIII,641107,0
Bradyrhizobium sp. USDA 3384,546899,0
Arenimonas composti,370776,0
Coprobacter fastidiosus,1099853,0
Erwinia pyrifoliae,79967,0
Spiroplasma taiwanense,2145,0
Propionibacterium sp. 409-HC1,936047,0
Komagataeibacter medellinensis,1177712,0
Acholeplasma laidlawii,2148,0
Mesoplasma florum,2151,0
Actinobaculum schaalii,59505,0
Acinetobacter rudis,632955,0
Neisseria sp. oral taxon 014,641148,0
Candidatus Baumannia cicadellinicola,186490,0
Methanobacterium palustre,2171,1
Sporocytophaga myxococcoides,153721,0
Bacteroides intestinalis,329854,0
Sodalis glossinidius,63612,0
Methanobrevibacter smithii,2173,0
Massilia timonae,47229,0
Candidatus Cloacimonas acidaminovorans,456827,0
Propionibacterium sp. 434-HC2,936048,0
Thermus antranikianii,88190,0
Methanohalophilus mahii,2176,1
Gordonia alkanivorans,84096,0
Psychrobacter sp. PAMC 21119,1112209,0
Oribacterium asaccharolyticum,1501332,0
Roseiflexus castenholzii,120962,1
Methylothermus thermalis,317575,0
Methanothermus fervidus,2180,1
Sphingomonas sp. PAMC 26605,1112214,0
Salinibacterium sp. PAMC 21357,1112215,0
Oribacterium parvum,1501329,0
Propionibacterium sp. CC003-HC2,1005703,0
Methanococcus vannielii,2187,1
Methanococcus voltae,2188,1
Slackia exigua,84109,0
Methanotorris igneus,2189,1
Methanocaldococcus jannaschii,2190,1
Slackia heliotrinireducens,84110,0
Eggerthella lenta,84112,0
Mycobacterium tusciae,75922,0
Methanoculleus marisnigri,2198,1
Methanococcoides alaskense,325778,1
Methanospirillum hungatei,2203,1
Methanosarcina barkeri,2208,1
Methanosarcina mazei,2209,1
Mycoplasma auris,51363,0
Carnobacterium sp. AT7,333990,0
Mycoplasma yeatsii,51365,0
Methanosarcina acetivorans,2214,1
Gemella sanguinis,84135,0
Maricaulis sp. JL2009,1161401,0
Citrobacter sp. A1,1173691,0
Serratia sp. ATCC 39006,104623,0
Methanosaeta concilii,2223,1
Methanosaeta thermophila,2224,1
Methanocaldococcus infernus,67760,1
Aeromicrobium marinum,219314,0
Desulfovibrio sp. U5L,596152,0
Geobacillus sp. JF8,1345697,1
Archaeoglobus fulgidus,2234,1
Archaeoglobus profundus,84156,1
Cyanobacterium aponinum,379064,1
Haloarcula marismortui,2238,1
Magnetospirillum magneticum,84159,1
Streptomyces bingchenggensis,379067,1
[Clostridium] clariflavum,288965,1
Methylophilus sp. 1,1112273,0
Halobacterium salinarum,2242,1
Cryptobacterium curtum,84163,0
Maribacter stanieri,440514,0
Edwardsiella ictaluri,67780,0
Acinetobacter baylyi,202950,0
Haloferax volcanii,2246,1
Pseudomonas sp. Chol1,440512,0
Gryllotalpicola ginsengisoli,444608,0
Vibrio sp. EJY3,1116375,1
Halorubrum lacusprofundi,2247,1
Acinetobacter gerneri,202952,0
Propionibacterium humerusii,1050843,0
Haloferax mediterranei,2252,1
Acinetobacter towneri,202956,0
Deinococcus peraridilitoris,432329,1
Sporomusa silvacetica,55504,0
Cellulophaga algicola,59600,1
Mannheimia haemolytica,75985,0
Natronomonas pharaonis,2257,1
Marinitoga piezophila,149715,1
Pyrococcus furiosus,2261,1
Leptospira terpstrae,293075,0
Thermococcus litoralis,2265,1
Cupriavidus pinatubonensis,248026,0
Leptospira vanthielii,293085,0
Desulfotomaculum reducens,59610,1
Thermosynechococcus sp. NK55a,1394889,0
Thermofilum pendens,2269,1
Magnetospirillum gryphiswaldense,55518,0
Thermoproteus tenax,2271,1
Desulfurococcus mobilis,2274,0
Desulfurococcus mucosus,2275,1
Quadrisphaera granulorum,317664,0
Magnetococcus marinus,1124597,1
Pyrobaculum islandicum,2277,1
Haloquadratum walsbyi,293091,1
Staphylothermus marinus,2280,1
Acinetobacter sp. NCTC 7422,981223,0
Rhodopirellula europaea,1263866,0
Chlorobium ferrooxidans,84205,1
Sulfolobus acidocaldarius,2285,1
Sulfolobus solfataricus,2287,1
Methanococcus maripaludis,39152,1
Citrobacter rodentium,67825,0
Croceibacter atlanticus,313588,1
Rhizobium sp. IRBG74,424182,0
Roseburia hominis,301301,0
Janibacter sp. HTCC2649,313589,0
Desulfobacter postgatei,2293,0
Amycolatopsis alba,76020,1
Desulfobacterium autotrophicum,2296,1
Polaribacter sp. MED152,313598,0
Mesorhizobium metallidurans,489722,0
Thermoplasma acidophilum,2303,1
Pseudomonas alcaligenes,43263,0
Peptostreptococcaceae bacterium CM5,796940,0
Sideroxydans lithotrophicus,63745,1
Stomatobaculum longum,796942,0
Peptostreptococcaceae bacterium ACC19a,796937,0
Maribacter sp. HTCC2170,313603,1
Peptostreptococcaceae bacterium CM2,796939,0
Salinarchaeum sp. Harcht-Bsk1,1333523,1
Lyngbya sp. PCC 8106,313612,1
Halovivax ruber,387341,1
Enterococcus villorum,112904,0
Bacteroides finegoldii,338188,0
Halopiger xanaduensis,387343,1
Methanosphaera stadtmanae,2317,0
Actinomyces graevenitzii,55565,0
Acinetobacter sp. NBRC 100985,1071390,0
Actinobacillus succinogenes,67854,0
Methanopyrus kandleri,2320,1
Blattabacterium sp. (Blaberus giganteus),1186051,0
Methanohalobium evestigatum,2322,1
Thermoanaerobacter kivui,2325,1
Nitrosopumilus maritimus,338192,1
Tenacibaculum aestuarii,362781,0
Methylovorus sp. MP688,887061,1
Halanaerobium praevalens,2331,1
Flavobacterium filum,370974,0
Synechococcus sp. BL107,313625,1
Dehalobacter restrictus,55583,1
Bacillus sp. NRRL B-14911,313627,0
Thermotoga maritima,2336,1
Thermotoga neapolitana,2337,1
Sphingobacterium sp. 21,743722,0
Thalassobium sp. R2A62,633131,0
Enterococcus caccae,317735,0
Brevundimonas aveniformis,370977,0
Candidatus Protochlamydia amoebophila,362787,0
Butyrivibrio proteoclasticus,43305,0
Pseudomonas denitrificans,43306,0
Cyanothece sp. PCC 7822,497965,1
Geovibrio sp. L21-Ace-BES,1304888,0
Haliscomenobacter hydrossis,2350,1
Flexistipes sinusarabici,2352,1
Vibrio anguillarum,55601,1
Sphingomonas sp. ATCC 31555,194867,0
Rhizobium sp. CCGE 510,1132836,0
Desulfomonile tiedjei,2358,1
Glaciecola agarilytica,395568,1
Paenibacillus vortex,71995,1
Methanosaeta harundinacea,301375,1
Akkermansia muciniphila,239935,0
Kocuria palustris,71999,0
Promicromonospora sukumoe,88382,0
Hydrogenobaculum sp. HO,547144,0
Kocuria rhizophila,72000,0
Hydrogenobaculum sp. SN,547146,0
Xylella fastidiosa,2371,0
Sporomusa ovata,2378,0
Actinomyces suimastitidis,121163,0
Citrobacter youngae,133448,0
Acetitomaculum ruminis,2382,0
Caldilinea aerophila,133453,1
Thauera terpenica,76113,0
[Clostridium] citroniae,358743,0
Lactobacillus sp. 7_1_47FAA,665945,0
Lachnospiraceae bacterium 8_1_57FAA,665951,0
Tannerella sp. 6_1_58FAA_CT1,665949,0
Bacteroides sp. 2_1_56FAA,665938,0
Campylobacter sp. 10_1_50,665939,0
Indibacter alkaliphilus,579922,0
Alloprevotella tannerae,76122,0
Anaerostipes sp. 3_2_56FAA,665937,0
Desulfovibrio sp. 6_1_46AFAA,665942,0
Eggerthella sp. 1_3_56FAA,665943,0
Nitrosomonas sp. AL212,153948,1
Clostridium sp. 7_3_54FAA,665940,0
Nitratireductor pacificus,1231180,0
Exiguobacterium sp. MH3,1399115,0
Coprobacillus sp. 3_3_56FAA,665941,0
Candidatus Phytoplasma australiense,59748,0
Janthinobacterium sp. HH01,1198452,0
Thermoanaerobacter sp. X514,399726,1
Borrelia miyamotoi,47466,0
Alcanivorax borkumensis,59754,1
Methanoregula boonei,358766,1
Bacillus sp. BT1B_CT2,665958,1
Chloroherpeton thalassium,100716,1
Bacillus sp. 2_A_57_CT2,665959,0
Dorea longicatena,88431,0
Subdoligranulum sp. 4_3_54A2FAA,665956,0
Bacillus sp. 7_6_55CFAA_CT2,665957,1
Bartonella washoensis,186739,0
gamma proteobacterium HIMB30,751994,0
Kribbella flavida,182640,1
Thermosipho africanus,2421,1
Weissella cibaria,137591,0
Fervidobacterium nodosum,2424,1
Enterobacter sp. 638,399742,0
Candidatus Endolissoclinum faulkneri,1263979,0
Teredinibacter turnerae,2426,0
Serratia sp. M24T3,932213,0
Phycisphaera mikurensis,547188,0
Arenimonas oryziterrae,498055,0
Roseobacter denitrificans,2434,1
Chromohalobacter salexigens,158080,1
Haloarcula hispanica,51589,1
Ruegeria conchae,981384,0
Desulfovibrio alkalitolerans,293256,0
Sphingobium chinhatense,420233,1
Robiginitalea biformata,252307,1
Psychrobacter sp. G,571800,0
Brachyspira intermedia,84377,0
Sphingomonas echinoides,59803,0
Brachyspira murdochii,84378,0
Roseobacter sp. GAI101,391589,0
Nitrosococcus halophilus,133539,1
Prevotella pleuritidis,407975,0
Paenibacillus sp. HGF7,944559,1
Pantoea dispersa,59814,0
Alcanivorax dieselolei,285091,1
Synechococcus sp. WH 8109,166314,1
Pedobacter sp. BAL39,391596,0
Flavobacteria bacterium BAL38,391598,0
Synechococcus sp. WH 8016,166318,1
Leptospirillum ferriphilum,178606,1
Roseobacter sp. CCS2,391593,0
Arcobacter sp. L,944547,0
Vibrio coralliilyticus,190893,1
Desulfotignum phosphitoxidans,190898,0
Rhodanobacter fulvus,219571,0
Gramella portivictoriae,326069,0
Methylocapsa acidiphila,133552,0
Thermococcus sp. 4557,1042877,1
Hippea maritima,84405,1
Acinetobacter schindleri,108981,0
Oceanobacillus iheyensis,182710,1
Acinetobacter ursingii,108980,0
Brevundimonas sp. BAL3,391600,0
Pantoea sp. At-9b,592316,0
Flavobacteriales bacterium ALC-1,391603,0
Roseovarius sp. TM1035,391613,0
Cyanothece sp. CCY0110,391612,0
Metallosphaera cuprina,1006005,1
Pyrobaculum arsenaticum,121277,1
[Clostridium] hathewayi,154046,0
Nitrosococcus watsonii,473531,1
Lactobacillus otakiensis,481720,0
Paenibacillus curdlanolyticus,59840,0
Methylovulum miyakonense,645578,0
Paenibacillus sp. Y412MC10,481743,1
Microbulbifer agarilyticus,260552,0
Desulfohalophilus alkaliarsenatis,1206751,1
Modestobacter marinus,477641,1
Pediococcus damnosus,51663,0
Brachybacterium squillarum,661979,0
Streptococcus australis,113107,0
Pyrobaculum sp. 1860,1104324,1
Tetragenococcus halophilus,51669,0
Sphingopyxis alaskensis,117207,1
Pseudomonas sp. TKP,1415630,0
Glaciecola arctica,1128911,1
Leptospira broomii,301541,0
Serratia sp. AS12,768490,0
Streptococcus oligofermentans,195041,0
Candidatus Nitrospira defluvii,330214,1
Herbaspirillum frisingense,92645,0
Galbibacter marinus,555500,0
Rickettsia peacockii,47589,0
Serratia sp. AS13,768493,0
Rhizobium mesoamericanum,1079800,0
Aminicenantes bacterium SCGC AAA252-A02,1047013,0
Pseudomonas sp. Lz4W,1206777,0
Citromicrobium bathyomarinum,72174,0
Janthinobacterium sp. Marseille,375286,0
Nostoc sp. PCC 7107,317936,1
Paenibacillus peoriae,59893,0
Staphylococcus sp. OJ82,1202667,0
Thermococcus barophilus,55802,1
Desulfurococcus kamchatkensis,477693,1
Terriglobus saanensis,870903,1
Mycobacterium parascrofulaceum,240125,0
Facklamia ignava,137730,0
Amycolatopsis thermoflava,84480,1
Nevskia ramosa,64002,0
Actinomyces sp. oral taxon 848,649739,0
Desulfurispirillum indicum,936456,1
Azorhizobium doebereinerae,281091,0
Mycobacterium sp. 141,1120797,0
Bacillus stratosphericus,293386,1
Sphingobium lactosutens,522773,0
Streptomyces sp. SirexAA-E,862751,1
Marinomonas posidonica,936476,1
Ralstonia sp. AU12-08,1235457,0
Natronomonas moolapensis,416273,1
Cyanobium gracile,59930,1
Synechococcus sp. WH 7805,59931,1
Bradyrhizobium sp. WSM3983,1038867,0
Paenibacillus sp. HW567,1034769,1
Thauera sp. 27,305700,0
Chrysiogenes arsenatis,309797,0
Wolbachia endosymbiont of Onchocerca ochengi,100901,0
Treponema caldaria,215591,1
Candidatus Amoebophilus asiaticus,281120,0
Streptococcus lutetiensis,150055,0
Persephonella marina,309805,1
Candidatus Brocadia anammoxidans,174632,1
Sulfurihydrogenibium azorense,309806,1
Moraxella boevrei,346665,0
Shewanella piezotolerans,404011,1
Desulfovibrio hydrothermalis,191026,0
Thioalkalivibrio nitratireducens,186931,1
Virgibacillus sp. CM-4,1354277,0
Prevotella baroniae,305719,0
Lautropia mirabilis,47671,0
[Eubacterium] eligens,39485,0
Dorea formicigenerans,39486,0
Bacteroides caccae,47678,0
Lysobacter defluvii,391738,0
Alcanivorax sp. DG881,236097,1
Eubacterium rectale,39491,0
[Eubacterium] siraeum,39492,0
Mycoplasma alligatoris,47687,0
Marinobacter algicola,236100,0
Eubacterium ventriosum,39496,0
Parabacteroides johnsonii,387661,0
Granulicella mallensis,940614,1
Granulicella tundricola,940615,1
[Eubacterium] yurii,39498,0
Halanaerobium saccharolyticum,43595,0
Leptospira kmetyi,408139,0
Bacillus cytotoxicus,580165,1
Marixanthomonas ophiurae,387659,0
Acetobacter nitrogenifigens,285268,0
Parabacteroides sp. 20_3,469591,0
Bacteroides sp. 2_2_4,469590,0
Bacteroides sp. 2_1_16,469587,0
Bacteroides sp. 1_1_6,469586,0
Bacteroides sp. 1_1_14,469585,0
Coprobacillus sp. 8_2_54BFAA,469597,0
Coprobacillus sp. 29_1,469596,0
Citrobacter sp. 30_2,469595,0
Rhodococcus sp. AW25M09,1268303,0
Candidatus Schmidhempelia bombi,1505866,0
Bifidobacterium sp. 12_1_47BFAA,469594,0
Burkholderia sp. KJ006,416344,0
Bacteroides sp. 3_1_40A,469593,0
Bacteroides sp. 3_1_19,469592,0
Lactobacillus rhamnosus,47715,0
Planococcus halocryophilus,1215089,0
Lactobacillus gastricus,227942,0
Thermobaculum terrenum,166501,1
Bacillus pseudomycoides,64104,1
Candidatus Liberibacter americanus,309868,0
Desulfarculus baarsii,453230,1
Streptomyces sp. W007,1055352,1
Parvibaculum lavamentivorans,256618,1
Erysipelotrichaceae bacterium 6_1_45,469614,0
Streptomyces fulvissimus,68202,1
Synechococcus sp. WH 8102,84588,1
Burkholderiales bacterium 1_1_47,469610,0
Woodsholea maritima,240237,0
Streptococcus sp. 2_1_36FAA,469609,0
Actinoplanes sp. N902-109,649831,1
Taylorella asinigenitalis,84590,0
Caulobacter segnis,88688,1
Gordonia polyisoprenivorans,84595,0
Streptomyces griseoaurantiacus,68213,1
Hahella chejuensis,158327,1
Staphylothermus hellenicus,84599,1
Bibersteinia trehalosi,47735,0
Allobaculum stercoricanis,174709,0
Sulfuricella denitrificans,649841,1
Deinococcus apachensis,309886,1
Deinococcus maricopensis,309887,1
Deinococcus gobiensis,502394,1
Erwinia tasmaniensis,338565,0
Geobacter bremensis,60035,1
Candidatus Koribacter versatilis,658062,1
Geobacter lovleyi,313985,1
Psychrobacter aquaticus,248452,0
Pseudoalteromonas luteoviolacea,43657,0
Thermomonas fusca,215690,0
Erwinia sp. Ejp617,215689,0
Methylophilales bacterium HTCC2181,383631,0
Pseudoalteromonas undina,43660,1
Shewanella benthica,43661,0
Klebsiella variicola,244366,0
Gardnerella vaginalis,2702,0
Methylohalobius crimeensis,244365,0
Arthrobacter aurescens,43663,1
Streptomyces aurantiacus,47760,0
Formosa sp. AK20,1137281,0
Coraliomargarita akajimensis,395922,1
Brachybacterium faecium,43669,0
Candidatus Symbiobacter mobilis,1436290,0
Jonesia denitrificans,43674,0
Lactobacillus crispatus,47770,0
Rothia mucilaginosa,43675,0
Lachnoanaerobaculum sp. OBRC5-5,936595,0
Flavobacterium tegetincola,150172,0
Vibrio brasiliensis,170652,1
Aciduliprofundum boonei,379547,1
Desulfurobacterium thermolithotrophum,64160,1
Lachnospiraceae bacterium 9_1_43BFAA,658088,0
Hirschia baltica,2724,1
Candidatus Odyssella thessalonicensis,84647,0
Metallosphaera sedula,43687,1
Bacteroides sp. 3_1_23,457390,0
Lachnospiraceae bacterium 2_1_58FAA,658082,0
Bacillus mojavensis,72360,1
Bacteroides sp. 3_1_33FAA,457391,0
Lachnospiraceae bacterium 6_1_63FAA,658083,0
Ralstonia sp. 5_2_56FAA,658080,0
Flavobacterium suncheonense,350894,0
Lachnospiraceae bacterium 3_1_57FAA_CT1,658086,0
Bacteroides sp. 1_1_30,457387,0
Lachnospiraceae bacterium 7_1_58FAA,658087,0
Symbiobacterium thermophilum,2734,1
Jonquetella anthropi,428712,0
Celeribacter baekdonensis,875171,0
Lachnospiraceae bacterium 5_1_57FAA,658085,0
Verrucomicrobium spinosum,2736,0
Desulfovibrio sp. 3_1_syn3,457398,0
Alteromonas sp. SN2,715451,1
Coleofasciculus chthonoplastes,64178,1
Clostridium sp. 7_2_43FAA,457396,0
Bacteroides sp. 4_3_47FAA,457394,0
Bacteroides sp. 9_1_42FAA,457395,0
Bacteroides sp. 3_2_5,457392,0
Marinobacter hydrocarbonoclasticus,2743,1
Synechococcus sp. PCC 6312,195253,1
Bacteroides sp. 4_1_36,457393,0
Streptomyces violaceusniger,68280,1
Halomonas elongata,2746,1
Cyanothece sp. PCC 8802,395962,1
Eubacterium sp. 3_1_31,457402,0
Anoxybacillus sp. DT3-1,690871,0
Arthrobacter arilaitensis,256701,1
Carnobacterium maltaromaticum,2751,0
Cyanothece sp. PCC 7425,395961,1
Escherichia sp. 4_1_40B,457401,0
Synergistes sp. 3_1_syn1,457415,0
Synergistes jonesii,2754,0
Ruminococcus sp. 5_1_39BFAA,457412,0
Pseudomonas extremaustralis,359110,0
Ruminococcus champanellensis,1161942,0
Erysipelotrichaceae bacterium 2_2_44A,457422,0
Psychrobacter arcticus,334543,1
Rhodococcus qingshengii,334542,0
Tepidiphilus margaritifer,203471,0
Veillonella sp. 3_1_44,457416,0
Pectobacterium sp. SCC3193,1166016,0
Leisingera caerulea,506591,0
Spiroplasma kunkelii,47834,0
Methylobacterium populi,223967,0
Azoarcus sp. KH32C,748247,0
Mesorhizobium ciceri,39645,0
Acinetobacter sp. WC-136,903916,0
Geobacter sulfurreducens,35554,1
Gemella cuniculi,150240,0
Gilvimarinus chinensis,396005,0
Campylobacter hominis,76517,0
Micromonospora aurantiaca,47850,1
Bacteroides faecis,674529,0
Rhodobacterales bacterium HTCC2255,367336,0
Micromonospora equina,1043168,0
Methylotenera versatilis,1055487,1
Bradyrhizobium sp. Tv2a-2,113395,0
Legionella nagasakiensis,535290,0
Pseudogulbenkiania sp. NH8B,748280,0
Methanosalsum zhilinae,39669,1
Rhodococcus equi,43767,0
Corynebacterium matruchotii,43768,0
Corynebacterium urealyticum,43771,0
Kaistia granuli,363259,0
Cycloclasticus zancles,1329899,0
Oceanithermus profundus,187137,1
Prevotella stercorea,363265,0
Acinetobacter sp. WC-743,903945,0
Dinoroseobacter shibae,215813,1
Pseudomonas fulva,47880,0
Ktedonobacter racemifer,363277,0
Maritimibacter alkaliphilus,404236,0
Pseudomonas synxantha,47883,0
Caldithrix abyssi,187145,0
Ketogulonicigenium vulgare,92945,1
Chryseobacterium daeguense,412438,0
Idiomarina xiamenensis,1207041,0
Beutenbergia cavernae,84757,1
Cedecea davisae,158484,0
Eggerthella sp. YY7918,502558,0
Novosphingobium sp. Rr 2-17,555793,0
Streptococcus troglodytidis,1071886,0
Calditerrivibrio nitroreducens,477976,1
Mycobacterium indicus pranii,35617,0
Enterobacter sp. R4-368,1166130,0
Olsenella uli,133926,0
Thioflavicoccus mobilis,80679,0
Sphingobacterium canadense,412448,0
Thermotoga sp. EMP,1157949,0
Serratia fonticola,47917,0
Roseobacter sp. AzwK-3b,351016,0
Pseudomonas sp. UW4,1207075,0
Megasphaera genomosp. type_1,699192,0
Cellulophaga baltica,76594,0
Meiothermus silvanus,52022,1
Shewanella violacea,60217,1
Methanobacterium aarhusense,256826,1
Bacteriovorax marinus,97084,0
Belliella baltica,232259,0
Lachnospiraceae bacterium M18-1,1235792,0
Dorea sp. 5-2,1235798,0
Lachnospiraceae bacterium 3-2,1235799,0
Vibrio sp. Ex25,150340,1
Firmicutes bacterium M10-2,1235796,0
Oscillibacter sp. 1-3,1235797,0
Methanomethylovorans hollandica,101192,1
Alkalilimnicola ehrlichii,351052,1
Parabacteroides sp. ASF519,1235803,0
Lachnospiraceae bacterium 10-1,1235800,0
Lactobacillus hominis,1203033,0
Lentisphaera araneosa,256847,0
Mycobacterium sp. JDM601,875328,0
Vibrio cyclitrophicus,47951,1
Arthrobacter sp. TB 23,494419,0
Thiomicrospira crunogena,39765,1
Sulfurimonas denitrificans,39766,1
Blattabacterium sp. (Mastotermes darwiniensis),39768,0
Serratia symbiotica,138074,0
Aromatoleum aromaticum,551760,0
Candidatus Hamiltonella defensa,138072,0
Eubacterium sp. 14-2,1235790,0
Thiocapsa marina,244573,1
Methylomicrobium album,39775,0
Streptomyces thermolilacinus,285540,1
Veillonella atypica,39777,0
Halomonas sp. BJGMM-B45,1178482,0
Clostridiales genomosp. BVAB3,699245,0
Pseudonocardia dioxanivorans,240495,1
Achromobacter piechaudii,72556,0
Corynebacterium glucuronolyticum,39791,0
Clostridium sp. ASF502,97139,0
Methylobacterium sp. GXF4,1096546,0
Clostridium sp. ASF356,97138,0
Heliobacterium modesticaldum,35701,1
Pannonibacter phragmitetus,121719,0
Oscillibacter valericigenes,351091,0
Arthrospira maxima,129910,1
Hoeflea phototrophica,244596,0
Photobacterium sp. SKA34,121723,0
Shewanella loihica,359303,1
Blattabacterium sp. (Periplaneta americana),367488,0
Microbacterium hatanonis,404366,0
Patulibacter americanus,588672,0
Nitrobacter sp. Nb-311A,314253,0
Oceanicaulis sp. HTCC2633,314254,0
Oceanicola batsensis,314255,0
Roseobacter sp. MED193,314262,0
Roseovarius nubinhibens,314263,0
Glaciecola psychrophila,326544,1
Bacteroides xylanisolvens,371601,0
Rhodobacteraceae bacterium HTCC2083,314270,0
Roseovarius sp. 217,314264,0
Sphingomonas sp. SKA58,314266,0
Sulfitobacter sp. NAS-14.1,314267,0
Pyrococcus sp. NA2,342949,1
Limnohabitans sp. Rim28,1100720,0
Thermococcus onnurineus,342948,1
Acinetobacter venetianus,52133,0
Methylocystis sp. SC2,187303,1
Enterobacter lignolyticus,1334193,0
Sporichthya polymorpha,35751,0
Carboxydothermus hydrogenoformans,129958,1
Labrenzia aggregata,187304,0
gamma proteobacterium HTCC2207,314287,0
Tolumonas auensis,43948,1
Arthrospira sp. Maxima,129965,0
Pseudoalteromonas tunicata,314281,0
Psychromonas sp. CNPT3,314282,0
Methylocella silvestris,199596,1
Bifidobacterium choerinum,35760,0
Haliangium ochraceum,80816,1
Streptomyces sp. Tu6071,355249,0
Vibrio sp. MED222,314290,1
Ignisphaera aggregans,334771,1
Megasphaera micronuciformis,187326,0
Acidaminococcus intestini,187327,0
Desulfovibrio piezophilus,879567,1
Sphingobium sp. HDIP04,428994,1
Sinorhizobium arboris,76745,0
Nitratifractor salsuginis,269261,1
Coprothermobacter proteolyticus,35786,1
Rickettsia africae,35788,0
Rickettsia helvetica,35789,0
Rickettsia japonica,35790,0
Rickettsia massiliae,35791,0
Rickettsia parkeri,35792,0
Wolbachia endosymbiont of Brugia malayi,80849,0
Rickettsia sibirica,35793,0
Rickettsia slovaca,35794,0
Agrococcus pavilionensis,1346502,0
Ehrlichia muris,35795,0
Nitrococcus mobilis,35797,1
Cyanothece sp. ATCC 51142,43989,1
Pseudomonas monteilii,76759,0
Salinispora pacifica,351187,1
Synechococcus sp. CC9311,64471,1
Nitrospina gracilis,35801,0
Streptomyces albulus,68570,1
Gordonia amicalis,89053,0
Caldicellulosiruptor saccharolyticus,44001,1
Acidovorax avenae,80867,0
Delftia acidovorans,80866,1
Acidovorax citrulli,80869,0
Eubacterium plexicaudatum,97253,0
Sphaerochaeta coccoides,273376,0
Bordetella holmesii,35814,0
Sphingomonas phyllosphaerae,257003,0
Helicobacter heilmannii,35817,0
Enterococcus dispar,44009,0
Helicobacter pullorum,35818,0
Micromonospora lupini,285679,1
Ferrimonas balearica,44012,1
Mariprofundus ferrooxydans,314344,1
Hylemonella gracilis,80880,0
Geoglobus ahangari,113653,1
Desulfotalea psychrophila,84980,1
Methylotenera mobilis,359408,1
Cucumibacter marinus,1121252,0
Klebsiella sp. KTE92,1182695,0
Acetivibrio cellulolyticus,35830,0
Bilophila wadsworthia,35833,0
Candidatus Tremblaya phenacola,1010676,0
Escherichia sp. KTE96,1182697,0
Holophaga foetida,35839,0
Enterococcus phoeniculicola,154621,0
Mitsuokella multacida,52226,0
Thioalkalivibrio sp. ALMg3,1158163,0
Prevotella dentalis,52227,0
Bradyrhizobium sp. STM 3843,551947,0
Thioalkalivibrio sp. ALgr5,1158162,0
Sphingomonas sp. Mn802worker,629773,0
Halyomorpha halys symbiont,1235990,0
Conexibacter woesei,191495,1
Agromyces subbeticus,293890,0
Thioalkalivibrio sp. ALMg13-2,1158167,0
Aequorivita sublithincola,101385,1
Thioalkalivibrio sp. ALE12,1158170,0
Thioalkalivibrio sp. ALE17,1158173,0
Thioalkalivibrio sp. ALE16,1158172,0
Thioalkalivibrio sp. ALE18,1158174,0
Rhodocyclaceae bacterium RZ94,998429,0
Thioalkalivibrio sp. ALJT,1158146,0
Methylobacterium mesophilicum,39956,0
Rhodobacter sp. SW2,371731,0
Thioalkalivibrio sp. ALD1,1158150,0
Chlamydia gallinacea,1457153,0
Erythrobacter litoralis,39960,1
Bacteroides pyogenes,310300,0
Thioalkalivibrio sp. AL21,1158152,0
Thioalkalivibrio sp. AKL7,1158155,0
Bacteroides plebeius,310297,0
Bacteroides coprocola,310298,0
Escherichia sp. KTE159,1182732,0
Thioalkalivibrio sp. AKL10,1158158,0
Myroides odoratimimus,76832,0
Pandoraea pnomenusa,93220,0
Mahella australiensis,252966,1
Acinetobacter brisouii,396323,0
Burkholderia phenoliruptrix,252970,0
Streptomyces sp. AA1529,1203257,0
Nautilia profundicola,244787,1
Thermoanaerobacter sp. X561,588857,1
Thioalkalivibrio sp. ALE22,1158176,0
Borrelia sp. SV1,498741,0
Alkaliphilus oremlandii,461876,1
Solibacillus silvestris,76853,0
Bacillus sp. 1NLA3E,666686,1
Afipia sp. 1NLS2,666684,0
Thioalkalivibrio sp. ARh5,1158183,0
Rhodanobacter denitrificans,666685,1
Enterococcus sp. C1,1182762,0
Clostridium sp. HGF2,908340,0
Thioalkalivibrio sp. ALM2T,1158184,0
Streptococcus constellatus,76860,0
Shewanella amazonensis,60478,1
Pediococcus claussenii,187452,0
Shewanella sp. MR-4,60480,1
Shewanella sp. MR-7,60481,1
Corynebacterium terpenotabidum,89154,0
Plautia stali symbiont,891974,0
Comamonas badia,265291,0
Methanolobus psychrophilus,420950,0
Oceanimonas sp. GK1,511062,0
Candidatus Nitrosopumilus koreensis,1510466,0
Caldivirga maquilingensis,76887,1
Methylibium petroleiphilum,105560,1
Fluviicola taffensis,191579,1
Natrialba asiatica,64602,1
Arthrobacter chlorophenolicus,85085,1
Mesotoga infera,1236046,0
Thioalkalivibrio sp. ALE10,748651,0
Ruegeria pomeroyi,89184,1
Blastococcus saxobsidens,138336,1
Aestuariimicrobium kwangyangense,396389,0
Thalassolituus oleivorans,187493,1
Thioalkalivibrio sp. ALJ15,748652,0
Bartonella clarridgeiae,56426,0
Polynucleobacter necessarius,576610,1
Anaeromyxobacter sp. Fw109-5,404589,1
Ferroplasma acidarmanus,97393,1
Pseudomonas protegens,380021,0
Sediminimonas qiaohouensis,552061,0
Enterobacter hormaechei,158836,0
Nocardioides alkalitolerans,281714,1
Salinarimonas rosea,552063,0
Thioalkalivibrio sp. ALSr1,748658,0
Natranaerobius thermophilus,375929,1
Candidatus Blochmannia floridanus,203907,0
Xanthomonas cassavae,56450,0
Burkholderia graminis,60548,0
Hyphomonas adhaerens,81029,1
Sphingobium ummariense,420994,0
Arthrobacter sp. SJCon,683150,0
Oxalobacteraceae bacterium AB_14,1158293,0
Treponema brennaborense,81028,0
Burkholderia vietnamiensis,60552,0
Hyphomonas neptunium,81032,1
Brevundimonas naejangsanensis,588932,0
secondary endosymbiont of Heteropsylla cubana,134287,0
Sphingopyxis sp. MC1,1174684,0
Acinetobacter indicus,756892,0
Candidatus Korarchaeum cryptofilum,498846,1
Mycobacterium orygis,1305738,0
Caldicellulosiruptor bescii,31899,1
Helcococcus kunzii,40091,0
Candidatus Blochmannia pennsylvanicus,101534,0
secondary endosymbiont of Ctenarytaina eucalypti,1199245,0
Marinobacter nanhaiticus,1305740,0
beta proteobacterium CB,543913,1
Hyphomicrobium zavarzinii,48292,0
Halothermothrix orenii,31909,1
Natronorubrum sulfidifaciens,388259,1
Acinetobacter pittii,48296,0
Nitrosomonas sp. Is79A3,261292,1
Psychrobacter cryohalolentis,330922,1
Intestinibacter bartlettii,261299,0
Collimonas fungivorans,158899,1
Mesorhizobium sp. STM 4661,1297570,0
Burkholderia phytofirmans,261302,0
Thermococcus sp. CL1,163003,1
Blattabacterium sp. (Blatta orientalis),367806,0
Bdellovibrio exovorus,453816,0
Candidatus Pelagibacter sp. IMCC9063,1002672,0
Rickettsia philipii,1105106,0
Anaerobaculum mobile,97477,1
Lactobacillus mucosae,97478,0
Oligotropha carboxidovorans,40137,1
Pseudorhodobacter ferrugineus,77008,0
Silanimonas lenta,265429,0
Lachnospiraceae bacterium 1_4_56FAA,658655,0
Amycolatopsis orientalis,31958,1
Arenitalea lutea,1178825,0
Desulfotomaculum hydrothermale,412895,1
Streptomyces sp. SA3_actG,683219,0
Paenibacillus alvei,44250,0
Joostella marina,453852,1
Paenibacillus lactis,228574,1
Bradyrhizobium oligotrophicum,44255,0
Cylindrospermopsis raciborskii,77022,0
Lactobacillus jensenii,109790,0
Mycobacterium iranicum,912594,0
Gordonia otitidis,249058,0
Ralstonia sp. 5_7_47FAA,658664,0
[Eubacterium] dolichum,31971,0
Lutibacter maritimus,593133,1
Eggerthia catenaformis,31973,0
Coprobacillus sp. D7,556270,0
Candidatus Uzinura diaspidicola,670956,0
Geobacillus sp. C56-T3,691437,1
Erysipelotrichaceae bacterium 3_1_53,658659,0
Bacteroides sp. D1,556258,0
beta proteobacterium KB13,314607,0
Erysipelotrichaceae bacterium 21_3,658657,0
Mycobacterium sp. 012931,1187065,0
Singulisphaera acidiphila,466153,1
Wolbachia endosymbiont of Drosophila simulans,77038,0
Parabacteroides sp. D25,658661,0
Denitrovibrio acetiphilus,118000,1
Prevotella multisaccharivorax,310514,0
Candidatus Liberibacter solanacearum,556287,0
Beijerinckia derxii,31996,0
Methylobacterium radiotolerans,31998,0
Marinobacter sp. BSs20148,490759,0
Bacteroides helcogenes,290053,0
Oscillatoria nigro-viridis,482564,1
Dickeya dianthicola,204039,0
Dickeya dadantii,204038,0
Dickeya zeae,204042,0
Acidovorax sp. JS42,232721,1
Mycoplasma moatsii,171287,0
Acinetobacter johnsonii,40214,0
Mycoplasma cynos,171284,0
Acinetobacter junii,40215,0
Acinetobacter radioresistens,40216,0
Helicobacter hepaticus,32025,0
Plesiocystis pacifica,191768,0
Marinomonas sp. MWYL1,400668,1
Fervidobacterium pennivorans,93466,1
Streptococcus infantis,68892,0
Geobacter daltonii,1203471,1
Methylophaga thiooxydans,392484,0
Burkholderia rhizoxinica,412963,0
Epulopiscium fishelsoni,77094,0
Advenella kashmirensis,310575,1
Deinococcus geothermalis,68909,1
Synechococcus elongatus,32046,1
Treponema azotonutricium,150829,0
Synechococcus sp. PCC 7002,32049,1
Synechococcus sp. WH 7803,32051,1
Ethanoligenens harbinense,253239,1
Rhodobacteraceae bacterium HTCC2150,388401,0
Bacillus sp. B14905,388400,0
Thioalkalivibrio sp. K90mix,396595,1
Calothrix parietina,32054,0
Candidatus Chloracidobacterium thermophilum,458033,1
Tetrasphaera elongata,101689,0
Algoriphagus machipongonensis,388413,0
Calothrix sp. PCC 7103,32057,0
Sediminibacterium sp. OR43,1076522,0
Rhodanobacter sp. OR87,1076523,0
Aeropyrum pernix,56636,1
Rhodanobacter sp. OR92,1076524,0
Solirubrobacter soli,363832,0
Labrenzia alexandrii,388408,0
Owenweeksia hongkongensis,253245,0
Liberibacter crescens,1273132,0
Helicobacter cetorum,138563,0
Gillisia limnaea,195907,0
Mycobacterium colombiense,339268,0
Aliivibrio salmonicida,40269,1
Pseudomonas sp. P179,1125698,0
Citricoccus nitrophenolicus,863575,0
Parvularcula bermudensis,208216,1
Myxococcus sp. (contaminant ex DSM 436),1297742,1
Wolbachia endosymbiont of Drosophila melanogaster,163164,0
Thermosynechococcus elongatus,146786,1
Olsenella profusa,138595,0
Alkaliphilus metalliredigens,208226,1
Propionibacterium sp. HGH0353,1203571,0
Dermabacter sp. HFH0086,1203568,0
Pseudoxanthomonas suwonensis,314722,1
Haemophilus pittmaniae,249188,0
Brachyspira pilosicoli,52584,0
Pseudomonas sp. HPB0071,1203578,0
Pelagibacterium halotolerans,531813,1
Anaerostipes caccae,105841,0
Mycobacterium mucogenicum,56689,0
Geobacter uraniireducens,351604,1
Acidaminococcus sp. HPA0509,1203555,0
Chthoniobacter flavus,191863,0
Sulfitobacter sp. EE-36,52598,0
Marinimicrobium agarilyticum,306546,0
Actinomyces sp. HPA0247,1203556,0
Bifidobacterium animalis,28025,0
Bifidobacterium pseudocatenulatum,28026,0
Sagittula stellata,52603,0
Natronococcus roseus,1052014,1
Lysinibacillus fusiformis,28031,0
Desulfosarcina sp. BuS5,933262,0
Borrelia bissettii,64897,0
Rhodopirellula baltica,265606,1
Staphylococcus lugdunensis,28035,0
Stenotrophomonas maltophilia,40324,0
Acinetobacter gyllenbergii,134534,0
Streptococcus mitis,28037,0
Salisaeta longa,503170,0
Acinetobacter parvus,134533,0
Desulfovibrio sp. X2,941449,0
Candidatus Kinetoplastibacterium oncopeltii,994696,0
Halorhabdus utahensis,146826,1
Perlucidibaca piscinae,392589,0
Candidatus Kinetoplastibacterium galatii,994695,0
Thermovibrio ammonificans,228745,1
Candidatus Kinetoplastibacterium desouzaii,994692,0
Flavobacteriaceae bacterium 3519-10,531844,0
Alistipes timonensis,1465754,0
Desulfurococcus fermentans,228748,1
Pleurocapsa sp. PCC 7319,118161,0
Acidothermus cellulolyticus,28049,0
Polaromonas naphthalenivorans,216465,1
Limnohabitans planktonicus,540060,0
Streptococcus sp. HPH0090,1203590,0
Thermincola potens,863643,1
Methylopila sp. M107,1101190,0
Mycobacterium liflandii,261524,0
Methanomassiliicoccus luminyensis,1080712,0
Methylobacterium sp. 77,1101192,0
Brucella sp. UK1/97,437663,0
Streptomyces sp. HPH0547,1203592,1
Veillonella sp. HPA0037,1203593,0
Pseudanabaena sp. PCC 6802,118173,0
Gluconobacter thailandicus,257438,0
Mycobacterium yongonense,1203599,0
Brucella sp. F23/97,437670,0
Borrelia recurrentis,44449,0
Brucella sp. F96/2,437671,0
Geminicoccus roseus,404900,0
Pleomorphomonas koreensis,257440,0
Rubrivivax gelatinosus,28068,1
Nostoc sp. PCC 7524,28072,1
Fictibacillus macauensis,245160,0
Candidatus Methylomirabilis oxyfera,671143,1
Clostridium colicanis,179628,0
Halogeometricum borinquense,60847,1
Tistrella mobilis,171437,1
Campylobacter upsaliensis,28080,0
Providencia alcalifaciens,126385,0
Brucella sp. F8/99,437687,0
Brucella sp. UK40/99,437684,0
Brucella sp. UK5/01,437685,0
Gloeobacter kilaueensis,1416614,0
Thiocystis violascens,73141,1
Acinetobacter sp. CIP-A165,40373,0
Alicycliphilus denitrificans,179636,1
Actinomyces sp. oral taxon 448,712124,0
Acinetobacter lwoffii,28090,0
Neisseria weaveri,28091,0
Geobacillus sp. G11MC16,495036,1
Actinomyces sp. oral taxon 175,712119,0
Burkholderia gladioli,28095,0
Lachnospiraceae bacterium 4_1_37FAA,552395,0
Erysipelotrichaceae bacterium 5_2_54FAA,552396,0
[Eubacterium] infirmum,56774,0
Ruminococcaceae bacterium D16,552398,0
Cellvibrio japonicus,155077,0
Loktanella vestfoldensis,245188,0
Alteromonas macleodii,28108,1
Methanobrevibacter sp. AbM4,224719,0
Candidatus Azobacteroides pseudotrichonymphae,511435,0
Francisella philomiragia,28110,0
Bacteroides eggerthii,28111,0
Tannerella forsythia,28112,0
Bacteroides ovatus,28116,0
Atopobium sp. oral taxon 810,712158,0
Alistipes putredinis,28117,0
Odoribacter splanchnicus,28118,0
Atopobium sp. oral taxon 199,712156,0
Paenibacillus barengoltzii,343517,1
Desulfitobacterium sp. PCE1,146907,0
Marinobacter santoriniensis,523742,1
Phaeobacter gallaeciensis,60890,1
Sedimenticola selenatireducens,191960,0
Mesorhizobium australicum,536018,0
Porphyromonas asaccharolytica,28123,0
Propionibacterium acidifaciens,556499,0
Porphyromonas endodontalis,28124,0
Elizabethkingia anophelis,1117645,0
Prevotella bivia,28125,0
Desulfobacca acetoxidans,60893,1
Prevotella buccae,28126,0
Saccharopolyspora spinosa,60894,1
Prevotella denticola,28129,0
Prevotella disiens,28130,0
Prevotella intermedia,28131,0
Prevotella melaninogenica,28132,0
Glaciecola punicea,56804,0
Thermococcus gammatolerans,187878,1
Prevotella nigrescens,28133,0
Salinibacter ruber,146919,1
Prevotella oralis,28134,0
Prevotella oris,28135,0
Glaciecola pallidula,56807,0
Geobacillus sp. Y4.1MC1,581103,1
Streptococcus ictaluri,380397,0
Rikenella microfusus,28139,0
Shewanella frigidimarina,56812,1
Cronobacter sakazakii,28141,0
Candidatus Neoehrlichia mikurensis,89586,0
Parvimonas sp. oral taxon 110,671230,0
Veillonella sp. oral taxon 158,671228,0
Serratia proteamaculans,28151,0
Veillonella sp. oral taxon 780,671229,0
Sanguibacter keddieii,60920,0
Azovibrio restrictus,146938,0
Alloprevotella rava,671218,0
Azospira oryzae,146939,1
Nocardioides halotolerans,433660,1
Candidatus Zinderia insecticola,884215,0
Deinococcus deserti,310783,1
Candidatus Accumulibacter phosphatis,327160,1
Methanocaldococcus villosus,667126,1
Propionibacterium sp. oral taxon 192,671222,0
gamma proteobacterium SCGC AAA076-P13,1007119,0
Shewanella sp. W3-18-1,351745,1
Aminomonas paucivorans,81412,0
alpha proteobacterium HIMB5,859653,0
Candidatus Carsonella ruddii,114186,0
Herminiimonas glaciei,523788,0
Vibrio metschnikovii,28172,0
Vibrio nigripulchritudo,28173,0
Gordonia paraffinivorans,175628,0
Pusillimonas sp. T7-7,1007105,0
Vibrio orientalis,28175,0
Sphingomonas sp. S17,1007104,0
Candidatus Photodesmus katoptron,28176,0
Desulfovibrio aminophilus,81425,0
Bradyrhizobium sp. WSM1743,318996,0
Capnocytophaga sp. oral taxon 412,712218,0
[Clostridium] methoxybenzovorans,81424,0
Cylindrospermum stagnale,142864,1
Capnocytophaga sp. oral taxon 336,712216,0
alpha proteobacterium HIMB59,744985,0
Leptospira noguchii,28182,0
Actinoplanes sp. SE50/110,134676,1
Leptospira santarosai,28183,0
Leptospira weilii,28184,0
Xanthomonas fragariae,48664,0
Ahrensia sp. R2A130,744979,0
Gordonia shandongensis,376351,0
Tepidanaerobacter acetatoxydans,499229,1
Acetohalobium arabaticum,28187,1
Terriglobus roseus,392734,0
Capnocytophaga canimorsus,28188,0
Bartonella alsatica,52764,0
Marinimicrobia bacterium SCGC AAA160-I06,1007123,0
Caldicellulosiruptor kristjanssonii,52765,1
Chthonomonas calidirosea,454171,0
Capnocytophaga sp. oral taxon 335,712215,0
Caldicellulosiruptor lactoaceticus,52766,0
Desulfitobacterium metallireducens,142877,0
Bradyrhizobium sp. WSM1253,319003,0
Roseibium sp. TrichSKD4,744980,0
Actinomyces georgiae,52768,0
Actinomyces gerencseriae,52769,0
Shewanella woodyi,60961,1
Corynebacterium ulcerans,65058,0
Prevotella histicola,470565,0
Arcobacter butzleri,28197,0
Bartonella australis,388640,0
Arcobacter nitrofigilis,28199,1
Enterorhabdus caecimuris,671266,0
Helicobacter bizzozeronii,56877,0
Bradyrhizobium sp. WSM471,319017,0
Oscillatoria acuminata,118323,1
Wohlfahrtiimonas chitiniclastica,400946,0
Thermosinus carboxydivorans,261685,1
Thermanaerovibrio acidaminovorans,81462,0
Streptomyces turgidiscabies,85558,1
Amycolatopsis balhimycina,208443,1
Spirochaeta americana,159291,0
Cardinium endosymbiont of Encarsia pergandiella,249402,0
Fodinicurvata sediminis,1121832,0
Aminobacterium colombiense,81468,0
gamma proteobacterium HIMB55,745014,0
Desulfobacula toluolica,28223,1
Nocardioides sp. JS614,196162,1
Frateuria aurantia,81475,0
Mycoplasma penetrans,28227,0
Colwellia psychrerythraea,28229,1
Halothece sp. PCC 7418,65093,1
Thermoanaerobacter indiensis,1125974,1
Geobacter metallireducens,28232,1
[Ruminococcus] obeum,40520,0
Pseudomonas sp. PAMC 25886,1125977,0
Shewanella denitrificans,192073,1
Jannaschia rubra,282197,1
Thermaerobacter subterraneus,175696,0
Clostridiales bacterium VE202-08,1232449,0
Anoxybacillus kamchatkensis,196180,0
Clostridiales bacterium VE202-14,1232452,0
Ornithobacterium rhinotracheale,28251,0
Arthrobacter sp. FB24,290399,1
[Clostridium] bolteae,208479,0
Desulfitobacterium dichloroeliminans,233055,1
Leptotrichia buccalis,40542,0
Sutterella wadsworthensis,40545,0
Mycoplasma wenyonii,65123,0
Enterobacter cancerogenus,69218,0
Jannaschia sp. CCS1,290400,1
Thermodesulfovibrio yellowstonii,28262,1
Arcanobacterium haemolyticum,28264,0
Verrucosispora maris,1003110,1
Actinomyces vaccimaxillae,183916,0
Afipia broomeae,56946,0
Mycoplasma ovis,171632,0
Actinosynnema mirum,40567,1
[Bacteroides] pectinophilus,384638,0
Thermus oshimai,56957,0
Schlesneria paludicola,360056,0
Xenorhabdus bovienii,40576,0
Bacillus selenatarsenatis,388741,1
Sulfurospirillum barnesii,44674,1
Pyrococcus sp. ST04,1183377,1
Geothrix fermentans,44676,1
Roseobacter sp. SK209-2-6,388739,0
Thauera sp. MZ1T,85643,1
Burkholderia lata,482957,0
Thermoanaerobacter sp. X513,573062,1
Inquilinus limosus,171674,0
Frankia sp. EAN1pec,298653,0
Frankia sp. EuI1c,298654,0
Frankia sp. CN3,298655,0
Ornithinimicrobium pekingense,384677,0
Sphingomonas elodea,179878,0
Pseudoalteromonas spongiae,298657,0
Ureaplasma parvum,134821,0
Thermodesulfatator indicus,171695,1
[Bacillus] selenitireducens,85683,1
Vibrio tasmaniensis,212663,1
Microbacterium sp. oral taxon 186,712383,0
Bacillus toyonensis,155322,1
Alicyclobacillus hesperidum,89784,0
Bradyrhizobium diazoefficiens,1355477,0
Achromobacter xylosoxidans,85698,0
Bartonella tribocorum,85701,0
Psychroflexus torquis,57029,1
Desulfovibrio sp. A2,298701,0
Lactobacillus zeae,57037,0
Pseudomonas sp. VLB120,69328,0
Oribacterium sp. oral taxon 108,712414,0
Carnobacterium sp. 17-4,208596,0
Ilyobacter polytropus,167642,0
Alicyclobacillus acidocaldarius,405212,1
Caldisphaera lagunensis,200415,0
Streptococcus pseudopneumoniae,257758,0
Kinetoplastibacterium blastocrithidii,233181,0
Nesterenkonia alba,515814,0
Fibrisoma limi,663275,0
Halorubrum litoreum,409316,1
Methyloferula stellata,876270,0
Peptoniphilus sp. oral taxon 375,712430,0
Stanieria cyanosphaera,102116,1
Bacteroides massiliensis,204516,0
Thermotoga petrophila,93929,1
Rahnella sp. Y9602,741091,0
Halomonas sp. TD01,999141,0
Thermotoga naphthophila,93930,1
Treponema pedis,409322,0
Nocardioides sp. CF8,110319,0
Bacteroides coprosuis,151276,0
Leptolyngbya sp. PCC 7375,102129,1
Sinorhizobium medicae,110321,0
Holdemania filiformis,61171,0
Bifidobacterium longum,216816,0
Desulfotomaculum gibsoniae,102134,1
Pseudomonas poae,200451,0
Barnesiella intestinihominis,487174,0
Thermodesulfobium narugense,184064,1
Dialister succinatiphilus,487173,0
Solobacterium moorei,102148,0
Collinsella intestinalis,147207,0
Methylacidiphilum infernorum,511746,1
Glaciecola chathamensis,368405,1
Crinalium epipsammum,241425,1
Thermotoga sp. RQ2,126740,1
Verminephrobacter eiseniae,364317,0
Herbaspirillum sp. GW103,1175306,0
Methylovorus glucosotrophus,266009,1
Clavibacter michiganensis,28447,0
Komagataeibacter xylinus,28448,0
Nanobacterium sanguineum,53024,0
Neisseria subflava,28449,0
Burkholderia pseudomallei,28450,0
Arthrospira platensis,118562,0
Leptospira alstonii,28452,0
Geobacillus sp. Y412MC61,544556,1
Sphingobacterium multivorum,28454,0
Prevotella multiformis,282402,0
Novosphingobium aromaticivorans,48935,1
Pleomorphomonas oryzae,261934,0
Psychroflexus sediminis,470826,0
Bradyrhizobium sp. S23321,335659,0
Methanobacterium paludis,868131,1
Thioploca araucae,40752,1
Proteiniphilum acetatigenes,294710,0
Ectothiorhodospira sp. PHS-1,519989,0
Thermoproteus uzoniensis,184117,1
Cronobacter turicensis,413502,0
nanoarchaeote Nst1,1294122,0
Burkholderiales bacterium JOSHI_001,864051,1
Agrobacterium albertimagni,147266,0
Bifidobacterium subtile,77635,0
Thioalkalivibrio sp. ALE11,1265494,0
Thioalkalimicrobium cyclicum,147268,1
Hydrogenobaculum sp. Y04AAS1,380749,1
Microvirga lotononidis,864069,0
Thioalkalivibrio sp. ALMg2,1265497,0
Fervidicoccus fontis,683846,1
Kangiella koreensis,261964,1
Bacteroides sp. D20,585543,0
Dysgonomonas mossii,163665,0
Melioribacter roseus,1134405,0
Sphingomonas sp. MM-1,745310,0
Flavobacterium frigoris,229204,0
Selenomonas sp. oral taxon 137,712531,0
Cyanobacterium stanieri,102235,1
Haloferax alexandrinus,114529,1
Leeuwenhoekiella blandensis,360293,0
Mesoflavibacter zeaxanthinifaciens,393060,0
Dehalogenimonas lykanthroporepellens,552810,1
Spiroplasma chrysopicola,216933,0
Spiroplasma diminutum,216936,0
Dehalobacter sp. UNSWDHB,1339256,0
Cyanothece sp. PCC 7424,65393,1
Spiroplasma syrphidicola,216945,0
Thermacetogenium phaeum,85874,1
Petrotoga mobilis,69499,1
Thalassobacter arenae,491388,0
Pontibacter actiniarum,323450,0
Granulibacter bethesdensis,364410,0
Halococcus salifodinae,36738,1
Borrelia duttonii,40834,0
Natronobacterium gregoryi,44930,1
Frankia sp. CcI3,106370,0
Methanocella arvoryzae,1175445,0
Nonlabens spongiae,331648,0
Methanocella conradii,1175444,0
Bradyrhizobium sp. Ai1a-2,196490,0
Clostridium saccharoperbutylacetonicum,36745,0
Kordia algicida,221066,0
Lactobacillus pasteurii,872327,0
Streptomyces davawensis,348043,1
Fibrella aestuarina,651143,0
Pantoea vagans,470934,0
Aequorivita capsosiphonis,487317,0
Desulfosporosinus youngiae,339862,0
Acinetobacter soli,487316,0
Natrinema pellirubrum,69525,1
Fischerella sp. JSC-11,741277,1
Moraxella macacae,765840,0
Cellvibrio sp. BR,1134474,0
Pelotomaculum thermopropionicum,110500,1
alpha proteobacterium IMCC14465,1220535,0
Aurantimonas manganoxydans,651183,0
Streptococcus sp. oral taxon 056,712620,0
Selenomonas noxia,135083,0
Geobacter bemidjiensis,225194,1
Selenomonas flueggei,135080,0
Shewanella sp. ANA-3,94122,1
Gaetbulibacter saemankumensis,311208,0
Bartonella rattimassiliensis,270250,0
Geopsychrobacter electrodiphilus,225196,0
Ramlibacter tataouinensis,94132,1
Bradyrhizobium sp. ORS 278,114615,0
Methylobacterium nodulans,114616,0
Burkholderia terrae,311230,0
Streptococcus sp. oral taxon 071,712630,0
Marinobacter daepoensis,262077,1
Mycobacterium abscessus,36809,0
Mycobacterium vanbaalenii,110539,0
Isoptericola variabilis,139208,1
Chitinimonas koreensis,356302,0
Rhodococcus sp. JVH1,745408,0
Spongiibacter tropicus,454602,0
Mycobacterium rhodesiae,36814,0
Maritalea myrionectae,454601,0
Streptomyces sp. PAMC26508,1265601,1
Amycolatopsis azurea,36819,0
Gordonia aichiensis,36820,0
Muricauda lutaonensis,516051,0
Burkholderia sp. YI23,1097668,0
Gordonia amarae,36821,0
Gordonia rubripertincta,36822,0
Gordonia sputi,36823,0
Methanosphaerula palustris,475088,1
Halomonas sp. GFAJ-1,1118153,0
Actinoalloteichus cyanogriseus,65497,0
Bulleidia extructa,118748,0
Candidatus Arthromitus sp. SFB-mouse,49118,0
Enterococcus haemoperoxidus,155618,0
Bacteroides salanitronis,376805,0
Bacteroides barnesiae,376804,0
Lachnospiraceae bacterium 28-4,397287,0
Enterococcus moraviensis,155617,0
Pseudoalteromonas agarivorans,176102,1
Chlamydia pecorum,85991,0
Herminiimonas arsenicoxydans,204773,1
Vibrio sp. RC341,675810,1
Terrisporobacter glycolicus,36841,0
Lachnospiraceae bacterium A2,397290,0
Providencia burhodogranariea,516074,0
Vibrio sp. RC586,675815,1
Porphyrobacter cryptus,196588,0
Lachnospiraceae bacterium 3-1,397288,0
Selenomonas sp. F0473,999423,0
Sunxiuqinia elliptica,655355,0
Desulfitobacterium dehalogenans,36854,1
Brucella canis,36855,0
Dehalococcoides mccartyi,61435,1
Nitratireductor aquibiodomus,204799,0
Mesorhizobium opportunistum,593909,0
Thiobacillus denitrificans,36861,1
Desulfonatronovibrio hydrogenovorans,53245,1
Paenibacillus terrae,159743,1
Streptomyces auratus,114687,1
